timestamp,bufferLevel,qualityIndex,bitrateKbps,resolution,liveLatency,predictedKbps,rebuffer
2025-12-20T11:59:21.574Z,0,3,1500,768x432,0.89,,
2025-12-20T11:59:21.579Z,0,3,1500,768x432,0.89,,rebuffer happen
2025-12-20T11:59:22.750Z,0,3,1500,768x432,2.084,,
2025-12-20T11:59:23.059Z,0.5,3,1500,768x432,1.9121390000000003,NaN,
2025-12-20T11:59:23.334Z,0.725,3,1500,768x432,1.961354,NaN,
2025-12-20T11:59:23.450Z,0.858,3,1500,768x432,2.116078,NaN,
2025-12-20T11:59:23.577Z,1.329,3,1500,768x432,2.0600579999999997,NaN,
2025-12-20T11:59:24.185Z,1.045,3,1500,768x432,2.072024,NaN,
2025-12-20T11:59:24.295Z,1.487,3,1500,768x432,2.0498909999999997,NaN,
2025-12-20T11:59:25.164Z,1.195,3,1500,768x432,1.94205,NaN,
2025-12-20T11:59:25.323Z,1.385,3,1500,768x432,1.9814859999999994,NaN,
2025-12-20T11:59:26.074Z,1.114,3,1500,768x432,1.9092509999999998,NaN,
2025-12-20T11:59:26.813Z,0.816,3,1500,768x432,1.9741169999999997,NaN,
2025-12-20T11:59:27.018Z,1.288,3,1500,768x432,1.9639989999999994,NaN,
2025-12-20T11:59:27.742Z,1.031,3,1500,768x432,1.9478049999999998,NaN,
2025-12-20T11:59:27.953Z,1.257,3,1500,768x432,1.933173,NaN,
2025-12-20T11:59:28.678Z,0.952,3,1500,768x432,1.905163,NaN,
2025-12-20T11:59:28.886Z,1.261,3,1500,768x432,1.9938170000000008,NaN,
2025-12-20T11:59:29.611Z,1.16,3,1500,768x432,1.9737979999999995,NaN,
2025-12-20T11:59:29.812Z,1.388,3,1500,768x432,1.969594999999999,NaN,
2025-12-20T11:59:30.527Z,1.102,3,1500,768x432,1.964976,NaN,
2025-12-20T11:59:31.257Z,1.051,3,1500,768x432,1.9418360000000003,NaN,
2025-12-20T11:59:31.469Z,1.249,3,1500,768x432,1.9267259999999986,NaN,
2025-12-20T11:59:32.183Z,0.996,3,1500,768x432,2.002590999999999,NaN,
2025-12-20T11:59:32.394Z,1.235,3,1500,768x432,1.990139000000001,NaN,
2025-12-20T11:59:33.108Z,1.199,3,1500,768x432,1.9727449999999997,NaN,
2025-12-20T11:59:33.325Z,1.424,3,1500,768x432,1.962987,NaN,
2025-12-20T11:59:34.034Z,1.135,3,1500,768x432,1.949408,NaN,
2025-12-20T11:59:34.749Z,1.105,3,1500,768x432,1.9362750000000002,NaN,
2025-12-20T11:59:34.964Z,1.347,3,1500,768x432,1.917961,NaN,
2025-12-20T11:59:35.678Z,1.058,3,1500,768x432,2.009310000000001,NaN,
2025-12-20T11:59:35.875Z,1.282,3,1500,768x432,1.9121559999999995,NaN,
2025-12-20T11:59:36.597Z,1.24,3,1500,768x432,1.9814749999999997,NaN,
2025-12-20T11:59:36.816Z,1.484,3,1500,768x432,1.9628340000000009,NaN,
2025-12-20T11:59:37.569Z,1.189,3,1500,768x432,1.918216000000001,NaN,
2025-12-20T11:59:38.267Z,0.894,3,1500,768x432,1.9247299999999985,3328,
2025-12-20T11:59:38.467Z,1.304,3,1500,768x432,1.9235509999999998,3333,
2025-12-20T11:59:39.181Z,1.093,3,1500,768x432,2.007788999999999,3338,
2025-12-20T11:59:39.389Z,1.345,3,1500,768x432,2.0070760000000014,3338,
2025-12-20T11:59:40.104Z,1.027,3,1500,768x432,1.9790649999999985,3343,
2025-12-20T11:59:40.308Z,1.482,3,1500,768x432,1.9785249999999976,3343,
2025-12-20T11:59:41.026Z,1.233,3,1500,768x432,1.951867,3352,
2025-12-20T11:59:41.743Z,0.934,3,1500,768x432,1.938324999999999,3361,
2025-12-20T11:59:41.893Z,1.315,3,1500,768x432,1.9862910000000014,3361,
2025-12-20T11:59:42.584Z,1.145,3,1500,768x432,2.0001360000000012,3357,
2025-12-20T11:59:43.292Z,0.858,3,1500,768x432,2.003336000000001,3354,
2025-12-20T11:59:43.525Z,1.087,3,1500,768x432,1.967337999999998,3354,
2025-12-20T11:59:44.241Z,1.037,3,1500,768x432,1.9524989999999995,3352,
2025-12-20T11:59:44.453Z,1.302,3,1500,768x432,1.9442340000000016,3352,
2025-12-20T11:59:45.171Z,0.985,3,1500,768x432,1.9111820000000002,3353,
2025-12-20T11:59:45.433Z,1.22,3,1500,768x432,1.9471880000000006,3353,
2025-12-20T11:59:46.213Z,0.926,3,1500,768x432,1.973309999999998,3351,
2025-12-20T11:59:46.417Z,1.315,3,1500,768x432,1.966736000000001,3351,
2025-12-20T11:59:47.080Z,1.105,3,1500,768x432,1.9987140000000032,3358,
2025-12-20T11:59:47.759Z,1.074,3,1500,768x432,1.9280660000000012,3365,
2025-12-20T11:59:47.956Z,1.317,3,1500,768x432,1.9274570000000004,3365,
2025-12-20T11:59:48.809Z,1.014,3,1500,768x432,1.9698740000000008,3367,
2025-12-20T11:59:49.019Z,1.244,3,1500,768x432,1.9595950000000002,3375,
2025-12-20T11:59:49.734Z,0.95,3,1500,768x432,1.9450419999999973,3374,
2025-12-20T11:59:49.938Z,1.186,3,1500,768x432,1.9417720000000003,3374,
2025-12-20T11:59:50.645Z,1.161,3,1500,768x432,1.9400289999999991,3375,
2025-12-20T11:59:50.850Z,1.391,3,1500,768x432,1.9321769999999994,3375,
2025-12-20T11:59:51.562Z,1.099,3,1500,768x432,1.9289330000000007,3377,
2025-12-20T11:59:52.281Z,0.97,3,1500,768x432,2.0030870000000007,3380,
2025-12-20T11:59:52.491Z,1.107,3,1500,768x432,1.9889720000000004,3382,
2025-12-20T11:59:53.211Z,0.997,3,1500,768x432,1.9697309999999995,3384,
2025-12-20T11:59:53.420Z,1.234,3,1500,768x432,1.9600709999999957,3384,
2025-12-20T11:59:54.140Z,1.195,3,1500,768x432,1.9480030000000035,3384,
2025-12-20T11:59:54.351Z,1.316,3,1500,768x432,1.9355400000000031,3384,
2025-12-20T11:59:55.073Z,1.138,3,1500,768x432,1.9055249999999972,3385,
2025-12-20T11:59:55.794Z,0.847,3,1500,768x432,1.9884500000000003,3379,
2025-12-20T11:59:56.017Z,1.304,3,1500,768x432,1.9652280000000033,3376,
2025-12-20T11:59:56.740Z,1.041,3,1500,768x432,1.9387159999999994,3375,
2025-12-20T11:59:56.955Z,1.26,3,1500,768x432,1.9278549999999939,3375,
2025-12-20T11:59:57.684Z,0.978,3,1500,768x432,1.9963520000000017,3373,
2025-12-20T11:59:57.902Z,1.216,3,1500,768x432,1.977404,3373,
2025-12-20T11:59:58.632Z,1.184,3,1500,768x432,1.9487880000000004,3367,
2025-12-20T11:59:58.849Z,1.422,3,1500,768x432,1.9332729999999998,3367,
2025-12-20T11:59:59.574Z,1.127,3,1500,768x432,1.9142539999999997,3361,
2025-12-20T12:00:00.294Z,0.844,3,1500,768x432,2.003561999999995,3362,
2025-12-20T12:00:00.498Z,1.136,3,1500,768x432,1.9946260000000038,3372,
2025-12-20T12:00:01.238Z,1.026,3,1500,768x432,1.9609680000000012,3371,
2025-12-20T12:00:01.405Z,1.286,3,1500,768x432,2.0019459999999967,3371,
2025-12-20T12:00:02.097Z,1.16,3,1500,768x432,1.992759999999997,3376,
2025-12-20T12:00:02.286Z,1.476,3,1500,768x432,2.0024759999999944,3376,
2025-12-20T12:00:03.007Z,1.167,3,1500,768x432,1.9722839999999948,3379,
2025-12-20T12:00:03.730Z,0.874,3,1500,768x432,1.9552089999999964,3382,
2025-12-20T12:00:03.957Z,1.329,3,1500,768x432,1.9253959999999992,3382,
2025-12-20T12:00:04.697Z,1.075,3,1500,768x432,1.9831660000000042,3381,
2025-12-20T12:00:04.934Z,1.229,3,1500,768x432,1.9442120000000003,3381,
2025-12-20T12:00:05.679Z,1.017,3,1500,768x432,2.0052459999999996,3376,
2025-12-20T12:00:05.912Z,1.25,3,1500,768x432,1.9697229999999948,3376,
2025-12-20T12:00:06.646Z,0.952,3,1500,768x432,1.936681,3368,
2025-12-20T12:00:06.867Z,1.405,3,1500,768x432,1.9125279999999947,3368,
2025-12-20T12:00:07.599Z,1.161,3,1500,768x432,1.98733,3359,
2025-12-20T12:00:07.815Z,1.327,3,1500,768x432,1.964852999999998,3359,
2025-12-20T12:00:08.538Z,1.093,3,1500,768x432,1.943719999999999,3353,
2025-12-20T12:00:09.260Z,1.047,3,1500,768x432,1.9406669999999977,3346,
2025-12-20T12:00:09.478Z,1.313,3,1500,768x432,1.9187799999999982,3348,
2025-12-20T12:00:10.213Z,1,3,1500,768x432,1.968116000000002,3342,
2025-12-20T12:00:10.414Z,1.234,3,1500,768x432,1.965487000000003,3342,
2025-12-20T12:00:11.133Z,1.196,3,1500,768x432,1.9493480000000005,3343,
2025-12-20T12:00:11.341Z,1.443,3,1500,768x432,1.9428979999999996,3343,
2025-12-20T12:00:12.048Z,1.138,3,1500,768x432,1.931953,3342,
2025-12-20T12:00:12.804Z,0.827,3,1500,768x432,1.9785540000000026,3338,
2025-12-20T12:00:13.028Z,1.199,3,1500,768x432,1.9543919999999986,3338,
2025-12-20T12:00:13.789Z,1.04,3,1500,768x432,1.9981679999999997,3335,
2025-12-20T12:00:13.995Z,1.105,3,1500,768x432,1.986982999999995,3346,
2025-12-20T12:00:14.707Z,0.952,3,1500,768x432,1.9725270000000066,3347,
2025-12-20T12:00:14.920Z,1.181,3,1500,768x432,1.9622699999999966,3347,
2025-12-20T12:00:15.633Z,1.142,3,1500,768x432,1.944789,3353,
2025-12-20T12:00:15.835Z,1.279,3,1500,768x432,1.9443820000000045,3353,
2025-12-20T12:00:16.558Z,1.096,3,1500,768x432,1.928289999999997,3357,
2025-12-20T12:00:17.285Z,1.053,3,1500,768x432,2.0166049999999984,3363,
2025-12-20T12:00:17.497Z,1.313,3,1500,768x432,1.9974640000000008,3363,
2025-12-20T12:00:18.234Z,1.001,3,1500,768x432,1.9460419999999985,3366,
2025-12-20T12:00:18.442Z,1.234,3,1500,768x432,1.9391399999999948,3366,
2025-12-20T12:00:19.191Z,0.942,3,1500,768x432,1.9952140000000043,3360,
2025-12-20T12:00:19.403Z,1.41,3,1500,768x432,1.9820879999999974,3360,
2025-12-20T12:00:20.131Z,1.139,3,1500,768x432,1.951273999999998,3349,
2025-12-20T12:00:20.354Z,1.379,3,1500,768x432,1.929352999999999,3349,
2025-12-20T12:00:21.095Z,1.073,3,1500,768x432,1.9840799999999987,3340,
2025-12-20T12:00:21.319Z,1.326,3,1500,768x432,1.9776339999999948,3340,
2025-12-20T12:00:21.956Z,1.274,3,1500,768x432,1.9242419999999996,3334,
2025-12-20T12:00:22.640Z,0.981,3,1500,768x432,1.942573000000003,3333,
2025-12-20T12:00:22.838Z,1.373,3,1500,768x432,1.9397650000000013,3333,
2025-12-20T12:00:23.557Z,1.19,3,1500,768x432,1.9235469999999992,3333,
2025-12-20T12:00:24.287Z,0.895,3,1500,768x432,2.0037750000000045,3332,
2025-12-20T12:00:24.505Z,1.129,3,1500,768x432,1.981975999999996,3331,
2025-12-20T12:00:25.239Z,1.077,3,1500,768x432,1.9554650000000038,3332,
2025-12-20T12:00:25.451Z,1.345,3,1500,768x432,1.9422050000000084,3332,
2025-12-20T12:00:26.182Z,1.029,3,1500,768x432,2.006684,3328,
2025-12-20T12:00:26.505Z,1.287,3,1500,768x432,1.9960219999999964,3328,
2025-12-20T12:00:27.228Z,0.975,3,1500,768x432,1.9573030000000102,3325,
2025-12-20T12:00:27.440Z,1.171,3,1500,768x432,1.9423160000000053,3325,
2025-12-20T12:00:28.155Z,1.158,3,1500,768x432,1.9355289999999883,3322,
2025-12-20T12:00:28.388Z,1.411,3,1500,768x432,1.9983610000000027,3322,
2025-12-20T12:00:29.117Z,1.103,3,1500,768x432,1.9664949999999948,3319,
2025-12-20T12:00:29.370Z,1.344,3,1500,768x432,1.9231879999999961,3319,
2025-12-20T12:00:30.068Z,1.039,3,1500,768x432,1.9115310000000107,3316,
2025-12-20T12:00:30.790Z,1.026,3,1500,768x432,2.0029970000000077,3319,
2025-12-20T12:00:31.003Z,1.257,3,1500,768x432,1.978281999999993,3313,
2025-12-20T12:00:31.720Z,0.946,3,1500,768x432,1.9599759999999975,3316,
2025-12-20T12:00:31.934Z,1.182,3,1500,768x432,1.9464959999999962,3316,
2025-12-20T12:00:32.658Z,1.161,3,1500,768x432,1.9269670000000048,3318,
2025-12-20T12:00:32.865Z,1.391,3,1500,768x432,1.9181250000000034,3318,
2025-12-20T12:00:33.549Z,1.098,3,1500,768x432,1.939869999999999,3328,
2025-12-20T12:00:34.265Z,1.052,3,1500,768x432,1.9306210000000021,3334,
2025-12-20T12:00:34.515Z,1.252,3,1500,768x432,1.9784719999999965,3337,
2025-12-20T12:00:35.285Z,1,3,1500,768x432,1.9983509999999995,3341,
2025-12-20T12:00:35.468Z,1.155,3,1500,768x432,1.911588000000009,3342,
2025-12-20T12:00:36.169Z,0.944,3,1500,768x432,1.9186559999999986,3341,
2025-12-20T12:00:36.362Z,1.418,3,1500,768x432,1.923057,3341,
2025-12-20T12:00:37.174Z,1.122,3,1500,768x432,1.9146879999999982,3344,
2025-12-20T12:00:37.355Z,1.322,3,1500,768x432,1.9367050000000035,3344,
2025-12-20T12:00:38.055Z,1.061,3,1500,768x432,1.9226400000000012,3349,
2025-12-20T12:00:38.769Z,1.033,3,1500,768x432,1.9183129999999977,3353,
2025-12-20T12:00:39.022Z,1.267,3,1500,768x432,1.9610469999999935,3353,
2025-12-20T12:00:39.657Z,0.952,3,1500,768x432,1.9267619999999965,3357,
2025-12-20T12:00:39.852Z,1.243,3,1500,768x432,1.925399000000013,3357,
2025-12-20T12:00:40.604Z,1.159,3,1500,768x432,1.9794589999999914,3360,
2025-12-20T12:00:40.851Z,1.39,3,1500,768x432,1.9293749999999932,3360,
2025-12-20T12:00:41.561Z,1.1,3,1500,768x432,1.9304089999999974,3365,
2025-12-20T12:00:42.281Z,1.035,3,1500,768x432,2.0189280000000025,3367,
2025-12-20T12:00:42.502Z,1.188,3,1500,768x432,1.9932819999999936,3368,
2025-12-20T12:00:43.227Z,1,3,1500,768x432,1.9527870000000007,3369,
2025-12-20T12:00:43.433Z,1.23,3,1500,768x432,1.951363999999998,3369,
2025-12-20T12:00:44.141Z,1.188,3,1500,768x432,1.9444209999999913,3371,
2025-12-20T12:00:44.352Z,1.333,3,1500,768x432,1.932460000000006,3371,
2025-12-20T12:00:45.086Z,1.134,3,1500,768x432,1.9912670000000077,3375,
2025-12-20T12:00:45.813Z,0.842,3,1500,768x432,1.9720100000000116,3374,
2025-12-20T12:00:45.972Z,1.285,3,1500,768x432,1.9098579999999998,3375,
2025-12-20T12:00:46.673Z,1.056,3,1500,768x432,1.9179519999999997,3375,
2025-12-20T12:00:46.859Z,1.286,3,1500,768x432,1.9250650000000036,3375,
2025-12-20T12:00:47.563Z,1.248,3,1500,768x432,1.9221760000000074,3375,
2025-12-20T12:00:48.278Z,0.953,3,1500,768x432,1.905180999999999,3373,
2025-12-20T12:00:48.494Z,1.188,3,1500,768x432,1.9906759999999935,3374,
2025-12-20T12:00:49.216Z,0.897,3,1500,768x432,1.9749989999999968,3374,
2025-12-20T12:00:49.430Z,1.301,3,1500,768x432,1.9582650000000115,3374,
2025-12-20T12:00:50.181Z,1.091,3,1500,768x432,2.0088209999999975,3374,
2025-12-20T12:00:50.436Z,1.232,3,1500,768x432,1.9577720000000056,3374,
2025-12-20T12:00:51.180Z,1.027,3,1500,768x432,2.0099680000000006,3374,
2025-12-20T12:00:51.385Z,1.285,3,1500,768x432,2.0182920000000024,3374,
2025-12-20T12:00:52.105Z,1.242,3,1500,768x432,1.9845530000000053,3373,
2025-12-20T12:00:52.331Z,1.399,3,1500,768x432,1.9579839999999962,3373,
2025-12-20T12:00:53.061Z,1.167,3,1500,768x432,1.9163850000000053,3372,
2025-12-20T12:00:53.820Z,0.876,3,1500,768x432,1.9612060000000042,3369,
2025-12-20T12:00:54.033Z,1.077,3,1500,768x432,1.947864999999993,3369,
2025-12-20T12:00:54.726Z,1.081,3,1500,768x432,1.959382000000005,3368,
2025-12-20T12:00:54.943Z,1.316,3,1500,768x432,1.9397280000000023,3368,
2025-12-20T12:00:55.712Z,1.015,3,1500,768x432,1.9702410000000015,3368,
2025-12-20T12:00:55.910Z,1.245,3,1500,768x432,1.9683059999999983,3368,
2025-12-20T12:00:56.625Z,1.212,3,1500,768x432,1.9564969999999988,3364,
2025-12-20T12:00:56.862Z,1.452,3,1500,768x432,1.917470999999992,3364,
2025-12-20T12:00:57.530Z,1.159,3,1500,768x432,1.9551900000000018,3362,
2025-12-20T12:00:58.243Z,0.869,3,1500,768x432,1.9535949999999929,3362,
2025-12-20T12:00:58.426Z,1.228,3,1500,768x432,1.9671230000000008,3362,
2025-12-20T12:00:59.141Z,1.06,3,1500,768x432,1.9442959999999943,3359,
2025-12-20T12:00:59.383Z,1.316,3,1500,768x432,2.0172999999999917,3359,
2025-12-20T12:01:00.100Z,1,3,1500,768x432,1.9795760000000087,3358,
2025-12-20T12:01:00.301Z,1.421,3,1500,768x432,1.9787269999999921,3358,
2025-12-20T12:01:01.027Z,1.196,3,1500,768x432,1.9527000000000072,3356,
2025-12-20T12:01:01.775Z,0.906,3,1500,768x432,1.9044619999999952,3356,
2025-12-20T12:01:02.016Z,1.107,3,1500,768x432,1.9646029999999968,3353,
2025-12-20T12:01:02.763Z,1.098,3,1500,768x432,1.9245370000000008,3354,
2025-12-20T12:01:02.997Z,1.328,3,1500,768x432,1.9839429999999965,3352,
2025-12-20T12:01:03.716Z,1.042,3,1500,768x432,1.9771959999999922,3350,
2025-12-20T12:01:03.928Z,1.271,3,1500,768x432,1.9566519999999912,3350,
2025-12-20T12:01:04.636Z,0.968,3,1500,768x432,1.9452019999999948,3348,
2025-12-20T12:01:04.858Z,1.459,3,1500,768x432,1.9211169999999953,3348,
2025-12-20T12:01:05.641Z,1.172,3,1500,768x432,1.946821,3346,
2025-12-20T12:01:05.843Z,1.403,3,1500,768x432,1.937697,3346,
2025-12-20T12:01:06.548Z,1.118,3,1500,768x432,1.9408999999999992,3344,
2025-12-20T12:01:07.252Z,1.072,3,1500,768x432,1.9450869999999867,3344,
2025-12-20T12:01:07.501Z,1.169,3,1500,768x432,1.9964030000000008,3345,
2025-12-20T12:01:08.220Z,1.011,3,1500,768x432,1.972520000000003,3346,
2025-12-20T12:01:08.432Z,1.273,3,1500,768x432,1.9721779999999995,3346,
2025-12-20T12:01:09.147Z,0.966,3,1500,768x432,1.9497159999999951,3349,
2025-12-20T12:01:09.348Z,1.353,3,1500,768x432,1.9447229999999962,3349,
2025-12-20T12:01:09.963Z,1.154,3,1500,768x432,1.9157180000000125,3351,
2025-12-20T12:01:10.646Z,1.124,3,1500,768x432,1.9370420000000053,3353,
2025-12-20T12:01:10.829Z,1.36,3,1500,768x432,1.9531400000000048,3353,
2025-12-20T12:01:11.540Z,1.073,3,1500,768x432,1.9506580000000042,3357,
2025-12-20T12:01:12.230Z,0.957,3,1500,768x432,1.9535139999999984,3364,
2025-12-20T12:01:12.420Z,1.269,3,1500,768x432,1.9620689999999996,3364,
2025-12-20T12:01:13.115Z,1.231,3,1500,768x432,1.9648310000000038,3367,
2025-12-20T12:01:13.351Z,1.377,3,1500,768x432,1.9333659999999924,3367,
2025-12-20T12:01:14.078Z,1.15,3,1500,768x432,1.9043460000000039,3372,
2025-12-20T12:01:14.809Z,0.86,3,1500,768x432,1.9755770000000012,3376,
2025-12-20T12:01:14.995Z,1.289,3,1500,768x432,1.9863039999999899,3377,
2025-12-20T12:01:15.772Z,1.074,3,1500,768x432,1.9156209999999874,3379,
2025-12-20T12:01:15.972Z,1.302,3,1500,768x432,1.9118270000000024,3381,
2025-12-20T12:01:16.670Z,0.997,3,1500,768x432,1.9100049999999982,3383,
2025-12-20T12:01:16.931Z,1.232,3,1500,768x432,1.947057000000001,3383,
2025-12-20T12:01:17.660Z,0.937,3,1500,768x432,1.921276000000006,3384,
2025-12-20T12:01:17.871Z,1.435,3,1500,768x432,1.9092370000000045,3384,
2025-12-20T12:01:18.619Z,1.145,3,1500,768x432,1.9672390000000064,3386,
2025-12-20T12:01:18.821Z,1.375,3,1500,768x432,1.9614210000000014,3386,
2025-12-20T12:01:19.523Z,1.085,3,1500,768x432,1.9701960000000014,3388,
2025-12-20T12:01:20.234Z,1.044,3,1500,768x432,1.9621369999999985,3390,
2025-12-20T12:01:20.436Z,1.301,3,1500,768x432,1.9634470000000022,3390,
2025-12-20T12:01:21.156Z,0.987,3,1500,768x432,1.926749000000001,3391,
2025-12-20T12:01:21.367Z,1.344,3,1500,768x432,1.915656999999996,3391,
2025-12-20T12:01:22.087Z,1.121,3,1500,768x432,1.9945110000000028,3392,
2025-12-20T12:01:22.813Z,0.889,3,1500,768x432,1.9668850000000049,3391,
2025-12-20T12:01:23.007Z,1.121,3,1500,768x432,1.9733389999999957,3391,
2025-12-20T12:01:23.789Z,0.83,3,1500,768x432,1.9978119999999961,3392,
2025-12-20T12:01:23.981Z,1.31,3,1500,768x432,2.000132000000008,3390,
2025-12-20T12:01:24.685Z,1.029,3,1500,768x432,1.9951020000000028,3390,
2025-12-20T12:01:24.928Z,1.247,3,1500,768x432,1.9542040000000043,3390,
2025-12-20T12:01:25.618Z,1.227,3,1500,768x432,1.9615320000000054,3389,
2025-12-20T12:01:25.800Z,1.462,3,1500,768x432,1.978693000000007,3389,
2025-12-20T12:01:26.567Z,1.174,3,1500,768x432,1.9182519999999954,3387,
2025-12-20T12:01:27.293Z,0.885,3,1500,768x432,1.9993340000000046,3385,
2025-12-20T12:01:27.515Z,1.116,3,1500,768x432,1.9732190000000003,3384,
2025-12-20T12:01:28.222Z,1.071,3,1500,768x432,1.9719849999999894,3381,
2025-12-20T12:01:28.455Z,1.328,3,1500,768x432,1.9411479999999983,3381,
2025-12-20T12:01:29.211Z,1.015,3,1500,768x432,1.9697200000000095,3378,
2025-12-20T12:01:29.394Z,1.248,3,1500,768x432,1.9860559999999907,3378,
2025-12-20T12:01:30.089Z,1.213,3,1500,768x432,1.9914630000000102,3371,
2025-12-20T12:01:30.789Z,0.921,3,1500,768x432,1.9942410000000166,3359,
2025-12-20T12:01:30.985Z,1.153,3,1500,768x432,1.9935439999999858,3360,
2025-12-20T12:01:31.723Z,1.119,3,1500,768x432,1.961227000000008,3359,
2025-12-20T12:01:31.958Z,1.318,3,1500,768x432,1.9226069999999993,3359,
2025-12-20T12:01:32.759Z,1.06,3,1500,768x432,1.9186249999999916,3359,
2025-12-20T12:01:32.975Z,1.295,3,1500,768x432,1.905618000000004,3351,
2025-12-20T12:01:33.703Z,1,3,1500,768x432,1.9795420000000092,3353,
2025-12-20T12:01:33.908Z,1.216,3,1500,768x432,1.972329000000002,3353,
2025-12-20T12:01:34.635Z,1.189,3,1500,768x432,1.944326000000018,3352,
2025-12-20T12:01:34.832Z,1.436,3,1500,768x432,1.9452049999999872,3352,
2025-12-20T12:01:35.570Z,1.147,3,1500,768x432,1.9173380000000009,3352,
2025-12-20T12:01:36.282Z,0.855,3,1500,768x432,2.014618000000013,3351,
2025-12-20T12:01:36.512Z,1.18,3,1500,768x432,1.9784429999999986,3349,
2025-12-20T12:01:37.250Z,1.041,3,1500,768x432,1.9474560000000167,3347,
2025-12-20T12:01:37.463Z,1.304,3,1500,768x432,1.933922999999993,3347,
2025-12-20T12:01:38.191Z,0.988,3,1500,768x432,1.9954639999999984,3342,
2025-12-20T12:01:38.398Z,1.22,3,1500,768x432,1.9825209999999913,3342,
2025-12-20T12:01:39.142Z,1.183,3,1500,768x432,1.9443169999999839,3336,
2025-12-20T12:01:39.371Z,1.285,3,1500,768x432,1.9154330000000073,3336,
2025-12-20T12:01:40.079Z,1.121,3,1500,768x432,1.9982400000000098,3331,
2025-12-20T12:01:40.804Z,0.831,3,1500,768x432,1.982990000000001,3336,
2025-12-20T12:01:41.009Z,1.295,3,1500,768x432,1.9729199999999878,3343,
2025-12-20T12:01:41.737Z,1.029,3,1500,768x432,1.9448620000000005,3344,
2025-12-20T12:01:41.946Z,1.248,3,1500,768x432,1.9313189999999736,3344,
2025-12-20T12:01:42.656Z,0.968,3,1500,768x432,1.9276470000000074,3349,
2025-12-20T12:01:42.863Z,1.443,3,1500,768x432,1.9224959999999953,3349,
2025-12-20T12:01:43.600Z,1.172,3,1500,768x432,1.984158999999977,3356,
2025-12-20T12:01:43.818Z,1.404,3,1500,768x432,1.9610669999999857,3356,
2025-12-20T12:01:44.541Z,1.102,3,1500,768x432,1.9490729999999985,3361,
2025-12-20T12:01:45.259Z,1.05,3,1500,768x432,1.9396690000000092,3364,
2025-12-20T12:01:45.489Z,1.155,3,1500,768x432,2.006880999999993,3364,
2025-12-20T12:01:46.217Z,1,3,1500,768x432,1.9679769999999905,3367,
2025-12-20T12:01:46.418Z,1.234,3,1500,768x432,1.9653030000000058,3367,
2025-12-20T12:01:47.120Z,1.188,3,1500,768x432,1.9641429999999787,3366,
2025-12-20T12:01:47.318Z,1.299,3,1500,768x432,1.966120999999987,3366,
2025-12-20T12:01:48.042Z,1.135,3,1500,768x432,1.9373379999999827,3368,
2025-12-20T12:01:48.779Z,0.843,3,1500,768x432,2.0036409999999876,3368,
2025-12-20T12:01:49.009Z,1.32,3,1500,768x432,1.9705559999999878,3371,
2025-12-20T12:01:49.727Z,1.045,3,1500,768x432,1.9578070000000025,3371,
2025-12-20T12:01:49.937Z,1.265,3,1500,768x432,1.9421820000000025,3371,
2025-12-20T12:01:50.646Z,0.981,3,1500,768x432,1.9336040000000025,3375,
2025-12-20T12:01:50.867Z,1.449,3,1500,768x432,1.9122030000000052,3375,
2025-12-20T12:01:51.597Z,1.186,3,1500,768x432,1.990883999999994,3377,
2025-12-20T12:01:51.839Z,1.313,3,1500,768x432,1.945194999999984,3377,
2025-12-20T12:01:52.559Z,1.13,3,1500,768x432,1.9253570000000195,3380,
2025-12-20T12:01:53.276Z,0.84,3,1500,768x432,1.9217350000000124,3382,
2025-12-20T12:01:53.488Z,1.136,3,1500,768x432,2.002738000000022,3379,
2025-12-20T12:01:54.213Z,1.029,3,1500,768x432,1.977961999999991,3379,
2025-12-20T12:01:54.426Z,1.284,3,1500,768x432,1.9745139999999992,3379,
2025-12-20T12:01:55.110Z,1.239,3,1500,768x432,1.976904999999988,3379,
2025-12-20T12:01:55.275Z,1.333,3,1500,768x432,1.9148119999999835,3379,
2025-12-20T12:01:55.959Z,1.167,3,1500,768x432,1.9198810000000037,3378,
2025-12-20T12:01:56.681Z,1.131,3,1500,768x432,2.003401999999994,3374,
2025-12-20T12:01:56.891Z,1.36,3,1500,768x432,1.98806399999998,3374,
2025-12-20T12:01:57.632Z,1.084,3,1500,768x432,1.9543180000000007,3376,
2025-12-20T12:01:57.851Z,1.285,3,1500,768x432,1.9315939999999898,3376,
2025-12-20T12:01:58.595Z,1.019,3,1500,768x432,1.9904949999999815,3371,
2025-12-20T12:01:58.851Z,1.245,3,1500,768x432,1.9320100000000195,3371,
2025-12-20T12:01:59.598Z,1.218,3,1500,768x432,1.984630999999979,3360,
2025-12-20T12:01:59.814Z,1.449,3,1500,768x432,1.9658909999999992,3360,
2025-12-20T12:02:00.527Z,1.156,3,1500,768x432,1.9630460000000198,3350,
2025-12-20T12:02:01.261Z,0.873,3,1500,768x432,1.9325230000000033,3343,
2025-12-20T12:02:01.543Z,1.096,3,1500,768x432,1.9497810000000015,3337,
2025-12-20T12:02:02.223Z,0.952,3,1500,768x432,1.962727000000001,3333,
2025-12-20T12:02:02.402Z,1.296,3,1500,768x432,1.9855820000000222,3333,
2025-12-20T12:02:03.141Z,1,3,1500,768x432,1.9391960000000097,3336,
2025-12-20T12:02:03.365Z,1.232,3,1500,768x432,1.9162059999999883,3336,
2025-12-20T12:02:04.047Z,1.202,3,1500,768x432,1.9333799999999997,3336,
2025-12-20T12:02:04.757Z,0.905,3,1500,768x432,1.9236840000000086,3326,
2025-12-20T12:02:04.955Z,1.339,3,1500,768x432,1.9278070000000014,3331,
2025-12-20T12:02:05.675Z,1.113,3,1500,768x432,1.909499000000011,3338,
2025-12-20T12:02:05.903Z,1.343,3,1500,768x432,1.9799250000000086,3338,
2025-12-20T12:02:06.712Z,1.043,3,1500,768x432,1.9667870000000107,3334,
2025-12-20T12:02:06.907Z,1.261,3,1500,768x432,1.9710509999999886,3334,
2025-12-20T12:02:07.619Z,1.231,3,1500,768x432,1.9599589999999978,3336,
2025-12-20T12:02:07.814Z,1.463,3,1500,768x432,1.9689789999999903,3336,
2025-12-20T12:02:08.499Z,1.173,3,1500,768x432,1.9842649999999935,3343,
2025-12-20T12:02:09.248Z,0.886,3,1500,768x432,1.9452229999999986,3341,
2025-12-20T12:02:09.474Z,1.224,3,1500,768x432,1.9175749999999994,3341,
2025-12-20T12:02:10.227Z,1.075,3,1500,768x432,1.966399999999993,3350,
2025-12-20T12:02:10.423Z,1.328,3,1500,768x432,1.9720649999999864,3350,
2025-12-20T12:02:11.126Z,1.012,3,1500,768x432,1.9578520000000026,3356,
2025-12-20T12:02:11.361Z,1.256,3,1500,768x432,1.9294390000000021,3356,
2025-12-20T12:02:12.051Z,1.186,3,1500,768x432,1.9296600000000126,3362,
2025-12-20T12:02:12.699Z,0.922,3,1500,768x432,1.9845309999999756,3366,
2025-12-20T12:02:12.889Z,1.397,3,1500,768x432,1.9901830000000018,3366,
2025-12-20T12:02:13.758Z,0.853,3,1500,768x432,1.9252710000000093,3366,
2025-12-20T12:02:13.960Z,1.34,3,1500,768x432,1.9190869999999904,3311,
2025-12-20T12:02:14.680Z,1.062,3,1500,768x432,2.0008550000000014,3355,
2025-12-20T12:02:14.893Z,1.279,3,1500,768x432,1.9853499999999826,3355,
2025-12-20T12:02:15.580Z,1.25,3,1500,768x432,1.999087000000003,3356,
2025-12-20T12:02:16.275Z,0.97,3,1500,768x432,1.9101330000000019,3361,
2025-12-20T12:02:16.438Z,1.201,3,1500,768x432,1.9434359999999913,3364,
2025-12-20T12:02:17.148Z,1.16,3,1500,768x432,1.9384230000000002,3360,
2025-12-20T12:02:17.366Z,1.254,3,1500,768x432,1.921810999999991,3360,
2025-12-20T12:02:18.098Z,1.107,3,1500,768x432,1.9810290000000066,3362,
2025-12-20T12:02:18.325Z,1.355,3,1500,768x432,1.970891999999992,3362,
2025-12-20T12:02:19.069Z,1.046,3,1500,768x432,1.91133099999999,3363,
2025-12-20T12:02:19.816Z,1.013,3,1500,768x432,1.9668489999999963,3355,
2025-12-20T12:02:20.056Z,1.17,3,1500,768x432,1.9208700000000078,3335,
2025-12-20T12:02:20.816Z,0.949,3,1500,768x432,1.9669039999999995,3325,
2025-12-20T12:02:21.047Z,1.09,3,1500,768x432,1.9302820000000054,3316,
2025-12-20T12:02:21.796Z,0.819,3,1500,768x432,1.9842510000000004,3307,
2025-12-20T12:02:22.033Z,1.121,3,1500,768x432,1.9464399999999955,3298,
2025-12-20T12:02:22.756Z,1.095,3,1500,768x432,1.9276380000000017,3294,
2025-12-20T12:02:22.975Z,1.279,3,1500,768x432,1.9067249999999945,3285,
2025-12-20T12:02:23.716Z,1.031,3,1500,768x432,1.9668279999999925,3279,
2025-12-20T12:02:23.902Z,1.202,3,1500,768x432,1.9815360000000055,3279,
2025-12-20T12:02:24.618Z,1.224,3,1500,768x432,1.9654620000000023,3275,
2025-12-20T12:02:24.824Z,1.463,3,1500,768x432,1.954183999999998,3275,
2025-12-20T12:02:25.572Z,1.173,3,1500,768x432,1.9120289999999898,3268,
2025-12-20T12:02:26.399Z,0.885,3,1500,768x432,1.9890039999999942,3254,
2025-12-20T12:02:26.639Z,1.114,3,1500,768x432,1.9495349999999974,3225,
2025-12-20T12:02:26.872Z,1.314,3,1500,768x432,1.9137560000000065,3225,
2025-12-20T12:02:27.612Z,1.042,3,1500,768x432,1.9700630000000103,3207,
2025-12-20T12:02:27.851Z,1.275,3,1500,768x432,1.9305249999999887,3207,
2025-12-20T12:02:28.591Z,1.263,3,1500,768x432,2.0060770000000048,3179,
2025-12-20T12:02:29.326Z,0.961,3,1500,768x432,1.9661159999999995,3147,
2025-12-20T12:02:29.558Z,1.195,3,1500,768x432,1.9276249999999777,3142,
2025-12-20T12:02:30.300Z,0.896,3,1500,768x432,1.9875700000000052,3137,
2025-12-20T12:02:30.546Z,1.131,3,1500,768x432,1.9394259999999974,3119,
2025-12-20T12:02:31.283Z,0.845,3,1500,768x432,2.017277000000007,3109,
2025-12-20T12:02:31.557Z,1.051,3,1500,768x432,1.937072999999998,3098,
2025-12-20T12:02:32.307Z,1.018,3,1500,768x432,1.9706639999999993,3086,
2025-12-20T12:02:32.571Z,1.261,3,1500,768x432,1.9098909999999876,3049,
2025-12-20T12:02:33.320Z,0.97,3,1500,768x432,1.9615550000000042,3014,
2025-12-20T12:02:33.592Z,1.197,3,1500,768x432,1.989434000000017,2989,
2025-12-20T12:02:34.348Z,0.902,3,1500,768x432,1.946690999999987,2960,
2025-12-20T12:02:34.535Z,1.113,3,1500,768x432,1.9520689999999945,2941,
2025-12-20T12:02:35.366Z,0.843,3,1500,768x432,1.9284099999999853,2927,
2025-12-20T12:02:35.605Z,1.041,3,1500,768x432,1.9845080000000053,2898,
2025-12-20T12:02:35.845Z,1.299,3,1500,768x432,1.9394660000000101,2898,
2025-12-20T12:02:36.602Z,1.014,3,1500,768x432,1.9928020000000117,2881,
2025-12-20T12:02:36.852Z,1.45,3,1500,768x432,1.938032000000021,2881,
2025-12-20T12:02:37.630Z,1.187,3,1500,768x432,1.9524990000000173,2851,
2025-12-20T12:02:37.992Z,1.153,3,1500,768x432,1.9926589999999749,2851,
2025-12-20T12:02:38.716Z,1.126,3,1500,768x432,1.9683620000000133,2853,
2025-12-20T12:02:38.943Z,1.276,3,1500,768x432,1.9369839999999954,2853,
2025-12-20T12:02:39.665Z,1.063,3,1500,768x432,1.9206559999999797,2857,
2025-12-20T12:02:39.895Z,1.292,3,1500,768x432,1.9906669999999735,2857,
2025-12-20T12:02:40.652Z,0.993,3,1500,768x432,1.9278720000000078,2861,
2025-12-20T12:02:40.916Z,1.229,3,1500,768x432,1.9633469999999988,2861,
2025-12-20T12:02:41.752Z,0.932,3,1500,768x432,1.9282960000000173,2866,
2025-12-20T12:02:41.953Z,1.167,3,1500,768x432,1.9285089999999911,2876,
2025-12-20T12:02:42.652Z,1.135,3,1500,768x432,1.9289640000000077,2880,
2025-12-20T12:02:42.802Z,1.372,3,1500,768x432,1.9803270000000168,2880,
2025-12-20T12:02:43.515Z,1.354,3,1500,768x432,1.974378999999999,2904,
2025-12-20T12:02:44.250Z,1.044,3,1500,768x432,1.9451190000000054,2938,
2025-12-20T12:02:44.512Z,1.299,3,1500,768x432,1.9806630000000212,2956,
2025-12-20T12:02:45.204Z,0.984,3,1500,768x432,1.9818659999999966,2980,
2025-12-20T12:02:45.535Z,1.219,3,1500,768x432,1.9455589999999745,2980,
2025-12-20T12:02:46.278Z,0.924,3,1500,768x432,2.0073089999999922,3002,
2025-12-20T12:02:46.506Z,1.14,3,1500,768x432,1.9777009999999962,3026,
2025-12-20T12:02:47.276Z,0.87,3,1500,768x432,1.9180220000000077,3032,
2025-12-20T12:02:47.508Z,1.097,3,1500,768x432,1.9798600000000022,3012,
2025-12-20T12:02:48.241Z,1.056,3,1500,768x432,1.9567809999999781,3001,
2025-12-20T12:02:48.492Z,1.316,3,1500,768x432,2.0055220000000133,3001,
2025-12-20T12:02:49.239Z,0.996,3,1500,768x432,1.9436830000000214,2988,
2025-12-20T12:02:49.480Z,1.216,3,1500,768x432,2.000628999999975,2988,
2025-12-20T12:02:50.250Z,0.94,3,1500,768x432,1.939877999999993,2966,
2025-12-20T12:02:50.447Z,1.174,3,1500,768x432,1.9363129999999842,2966,
2025-12-20T12:02:51.155Z,1.138,3,1500,768x432,1.9345030000000065,2950,
2025-12-20T12:02:51.478Z,1.384,3,1500,768x432,2.0068550000000016,2950,
2025-12-20T12:02:52.299Z,0.832,3,1500,768x432,2.0046959999999956,2936,
2025-12-20T12:02:52.525Z,1.315,3,1500,768x432,1.9681079999999724,2921,
2025-12-20T12:02:53.290Z,1.009,3,1500,768x432,1.9885819999999796,2952,
2025-12-20T12:02:53.461Z,1.215,3,1500,768x432,1.918974999999989,2939,
2025-12-20T12:02:54.191Z,0.956,3,1500,768x432,1.9991929999999911,2953,
2025-12-20T12:02:54.471Z,1.188,3,1500,768x432,1.9131399999999985,2953,
2025-12-20T12:02:55.208Z,0.9,3,1500,768x432,1.9866949999999974,2982,
2025-12-20T12:02:55.414Z,1.399,3,1500,768x432,1.9731119999999862,2982,
2025-12-20T12:02:56.142Z,1.09,3,1500,768x432,1.9417170000000112,3016,
2025-12-20T12:02:56.372Z,1.311,3,1500,768x432,1.9255620000000135,3016,
2025-12-20T12:02:57.093Z,1.024,3,1500,768x432,1.9860800000000154,3036,
2025-12-20T12:02:57.808Z,1.015,3,1500,768x432,1.9829699999999946,3046,
2025-12-20T12:02:58.034Z,1.242,3,1500,768x432,1.9480470000000025,3055,
2025-12-20T12:02:58.739Z,0.933,3,1500,768x432,1.942288000000019,3066,
2025-12-20T12:02:58.940Z,1.166,3,1500,768x432,1.9377700000000004,3066,
2025-12-20T12:02:59.634Z,1.141,3,1500,768x432,1.9495540000000062,3074,
2025-12-20T12:02:59.798Z,1.372,3,1500,768x432,1.9856650000000116,3074,
2025-12-20T12:03:00.485Z,1.351,3,1500,768x432,2.0055909999999812,3085,
2025-12-20T12:03:01.184Z,1.045,3,1500,768x432,2.006596000000002,3096,
2025-12-20T12:03:01.412Z,1.255,3,1500,768x432,1.9881689999999992,3096,
2025-12-20T12:03:02.114Z,0.987,3,1500,768x432,1.966998000000018,3105,
2025-12-20T12:03:02.368Z,1.483,3,1500,768x432,1.912748999999991,3105,
2025-12-20T12:03:03.074Z,1.186,3,1500,768x432,1.9061869999999885,3119,
2025-12-20T12:03:03.840Z,0.875,3,1500,768x432,1.9402099999999791,3131,
2025-12-20T12:03:04.084Z,1.108,3,1500,768x432,1.9943230000000085,3140,
2025-12-20T12:03:04.802Z,0.802,3,1500,768x432,1.982292000000001,3148,
2025-12-20T12:03:05.008Z,1.298,3,1500,768x432,1.9743239999999957,3152,
2025-12-20T12:03:05.730Z,1.011,3,1500,768x432,1.9621099999999956,3159,
2025-12-20T12:03:05.966Z,1.239,3,1500,768x432,1.923326000000003,3159,
2025-12-20T12:03:06.628Z,1.196,3,1500,768x432,1.9526779999999917,3168,
2025-12-20T12:03:06.893Z,1.26,3,1500,768x432,1.9866779999999835,3168,
2025-12-20T12:03:07.611Z,1.143,3,1500,768x432,1.9752690000000257,3180,
2025-12-20T12:03:07.793Z,1.377,3,1500,768x432,1.9893009999999833,3180,
2025-12-20T12:03:08.523Z,1.085,3,1500,768x432,1.9681629999999757,3192,
2025-12-20T12:03:09.263Z,1.039,3,1500,768x432,1.935547000000014,3203,
2025-12-20T12:03:09.509Z,1.223,3,1500,768x432,1.9865589999999997,3208,
2025-12-20T12:03:10.222Z,0.986,3,1500,768x432,1.9636400000000265,3213,
2025-12-20T12:03:10.438Z,1.215,3,1500,768x432,1.9479139999999973,3213,
2025-12-20T12:03:11.128Z,1.18,3,1500,768x432,1.953755000000001,3218,
2025-12-20T12:03:11.328Z,1.413,3,1500,768x432,1.9575509999999952,3218,
2025-12-20T12:03:12.062Z,1.124,3,1500,768x432,1.9146890000000099,3223,
2025-12-20T12:03:12.730Z,1.093,3,1500,768x432,1.9546780000000012,3230,
2025-12-20T12:03:12.913Z,1.33,3,1500,768x432,1.9712629999999933,3230,
2025-12-20T12:03:13.627Z,1.041,3,1500,768x432,1.9681929999999852,3231,
2025-12-20T12:03:13.829Z,1.379,3,1500,768x432,1.958753999999999,3231,
2025-12-20T12:03:14.544Z,1.234,3,1500,768x432,1.9350239999999985,3234,
2025-12-20T12:03:15.338Z,0.926,3,1500,768x432,1.9518640000000005,3241,
2025-12-20T12:03:15.612Z,1.065,3,1500,768x432,1.9731040000000064,3243,
2025-12-20T12:03:15.822Z,1.393,3,1500,768x432,1.9601509999999962,3243,
2025-12-20T12:03:16.561Z,1.102,3,1500,768x432,1.9304930000000127,3246,
2025-12-20T12:03:17.275Z,1.055,3,1500,768x432,1.9206240000000037,3250,
2025-12-20T12:03:17.490Z,1.283,3,1500,768x432,2.0033850000000086,3250,
2025-12-20T12:03:18.229Z,1,3,1500,768x432,1.9512220000000013,3250,
2025-12-20T12:03:18.399Z,1.229,3,1500,768x432,1.982528000000002,3250,
2025-12-20T12:03:19.061Z,1.202,3,1500,768x432,1.916148000000021,3251,
2025-12-20T12:03:19.761Z,0.907,3,1500,768x432,1.9201010000000167,3254,
2025-12-20T12:03:19.973Z,1.139,3,1500,768x432,1.9071439999999882,3256,
2025-12-20T12:03:20.695Z,1.114,3,1500,768x432,1.992446000000001,3256,
2025-12-20T12:03:20.911Z,1.342,3,1500,768x432,1.970345999999978,3256,
2025-12-20T12:03:21.641Z,1.057,3,1500,768x432,1.948535000000021,3261,
2025-12-20T12:03:21.841Z,1.282,3,1500,768x432,1.9472719999999981,3261,
2025-12-20T12:03:22.551Z,1.237,3,1500,768x432,1.9286449999999888,3266,
2025-12-20T12:03:23.302Z,0.959,3,1500,768x432,1.9840529999999887,3273,
2025-12-20T12:03:23.515Z,1.186,3,1500,768x432,1.9680499999999768,3274,
2025-12-20T12:03:24.231Z,0.895,3,1500,768x432,1.9615110000000016,3276,
2025-12-20T12:03:24.477Z,1.128,3,1500,768x432,1.9128300000000138,3276,
2025-12-20T12:03:25.211Z,1.088,3,1500,768x432,1.9821410000000128,3280,
2025-12-20T12:03:25.443Z,1.249,3,1500,768x432,1.9500539999999944,3280,
2025-12-20T12:03:26.161Z,1.028,3,1500,768x432,1.9265660000000082,3289,
2025-12-20T12:03:26.368Z,1.286,3,1500,768x432,1.9363409999999988,3289,
2025-12-20T12:03:27.111Z,1.227,3,1500,768x432,1.9773250000000075,3297,
2025-12-20T12:03:27.346Z,1.425,3,1500,768x432,1.9414989999999932,3297,
2025-12-20T12:03:28.047Z,1.167,3,1500,768x432,1.9315679999999986,3305,
2025-12-20T12:03:28.754Z,0.872,3,1500,768x432,1.9271760000000029,3311,
2025-12-20T12:03:28.984Z,1.122,3,1500,768x432,1.9949469999999963,3312,
2025-12-20T12:03:29.666Z,1.082,3,1500,768x432,1.9195449999999994,3317,
2025-12-20T12:03:29.867Z,1.313,3,1500,768x432,1.9186669999999992,3317,
2025-12-20T12:03:30.549Z,1.304,3,1500,768x432,1.9496770000000083,3320,
2025-12-20T12:03:31.243Z,0.988,3,1500,768x432,1.9431409999999971,3324,
2025-12-20T12:03:31.418Z,1.218,3,1500,768x432,1.9708810000000199,3324,
2025-12-20T12:03:32.176Z,0.928,3,1500,768x432,1.9107640000000004,3328,
2025-12-20T12:03:32.370Z,1.364,3,1500,768x432,1.9152489999999887,3328,
2025-12-20T12:03:33.095Z,1.119,3,1500,768x432,1.9874709999999993,3334,
2025-12-20T12:03:33.356Z,1.277,3,1500,768x432,1.939294000000018,3334,
2025-12-20T12:03:34.099Z,1.056,3,1500,768x432,1.9818830000000105,3339,
2025-12-20T12:03:34.290Z,1.496,3,1500,768x432,2.0107109999999864,3339,
2025-12-20T12:03:35.008Z,1.27,3,1500,768x432,1.9777500000000146,3342,
2025-12-20T12:03:35.713Z,0.966,3,1500,768x432,1.9683860000000095,3347,
2025-12-20T12:03:35.900Z,1.201,3,1500,768x432,1.9797659999999837,3347,
2025-12-20T12:03:36.634Z,1.168,3,1500,768x432,1.9520739999999819,3348,
2025-12-20T12:03:36.852Z,1.403,3,1500,768x432,1.9285940000000323,3348,
2025-12-20T12:03:37.543Z,1.114,3,1500,768x432,1.9437680000000057,3349,
2025-12-20T12:03:38.310Z,0.83,3,1500,768x432,1.9890860000000146,3355,
2025-12-20T12:03:38.545Z,1.199,3,1500,768x432,1.9473839999999711,3355,
2025-12-20T12:03:39.273Z,1.012,3,1500,768x432,1.9090970000000311,3357,
2025-12-20T12:03:39.527Z,1.091,3,1500,768x432,1.951358999999968,3360,
2025-12-20T12:03:40.250Z,0.956,3,1500,768x432,1.9324569999999994,3355,
2025-12-20T12:03:40.468Z,1.187,3,1500,768x432,1.913470000000018,3353,
2025-12-20T12:03:41.185Z,1.15,3,1500,768x432,2.0029579999999783,3349,
2025-12-20T12:03:41.324Z,1.304,3,1500,768x432,1.96564699999999,3349,
2025-12-20T12:03:42.031Z,1.077,3,1500,768x432,1.9501200000000267,3342,
2025-12-20T12:03:42.927Z,0.797,3,1500,768x432,1.95998000000003,3325,
2025-12-20T12:03:43.155Z,0.987,3,1500,768x432,1.928559000000007,3260,
2025-12-20T12:03:43.401Z,1.261,3,1500,768x432,1.9806320000000142,3260,
2025-12-20T12:03:44.137Z,0.969,3,1500,768x432,1.9473169999999982,3240,
2025-12-20T12:03:44.351Z,1.373,3,1500,768x432,1.9353820000000042,3240,
2025-12-20T12:03:45.146Z,1.169,3,1500,768x432,1.9417080000000055,3196,
2025-12-20T12:03:45.389Z,1.305,3,1500,768x432,1.9997190000000273,3196,
2025-12-20T12:03:46.132Z,1.108,3,1500,768x432,1.954543000000001,3155,
2025-12-20T12:03:46.378Z,1.357,3,1500,768x432,1.9152480000000196,3155,
2025-12-20T12:03:47.070Z,1.025,3,1500,768x432,1.91014100000001,3122,
2025-12-20T12:03:47.757Z,0.999,3,1500,768x432,1.9287550000000238,3098,
2025-12-20T12:03:47.964Z,1.233,3,1500,768x432,1.9184659999999667,3093,
2025-12-20T12:03:48.756Z,0.934,3,1500,768x432,1.9279580000000465,3079,
2025-12-20T12:03:49.058Z,1.155,3,1500,768x432,1.9224550000000136,3060,
2025-12-20T12:03:49.800Z,0.874,3,1500,768x432,1.9817750000000274,3052,
2025-12-20T12:03:50.104Z,1.075,3,1500,768x432,1.976479999999981,3040,
2025-12-20T12:03:50.306Z,1.358,3,1500,768x432,1.9877520000000004,3040,
2025-12-20T12:03:51.034Z,1.317,3,1500,768x432,1.9464810000000057,3037,
2025-12-20T12:03:51.791Z,0.814,3,1500,768x432,1.991145999999958,3039,
2025-12-20T12:03:52.024Z,1.249,3,1500,768x432,1.956657000000007,3045,
2025-12-20T12:03:52.722Z,0.95,3,1500,768x432,1.9601680000000101,3040,
2025-12-20T12:03:52.891Z,1.373,3,1500,768x432,1.9901970000000233,3040,
2025-12-20T12:03:53.572Z,1.155,3,1500,768x432,1.9142219999999952,3086,
2025-12-20T12:03:54.265Z,0.868,3,1500,768x432,1.9294499999999744,3137,
2025-12-20T12:03:54.486Z,1.226,3,1500,768x432,2.0078570000000013,3161,
2025-12-20T12:03:55.220Z,1.059,3,1500,768x432,1.9731210000000488,3191,
2025-12-20T12:03:55.439Z,1.318,3,1500,768x432,1.9590450000000033,3191,
2025-12-20T12:03:56.223Z,1.001,3,1500,768x432,1.9588340000000244,3217,
2025-12-20T12:03:56.425Z,1.232,3,1500,768x432,1.9573110000000042,3217,
2025-12-20T12:03:57.131Z,1.198,3,1500,768x432,1.9572029999999927,3238,
2025-12-20T12:03:57.330Z,1.298,3,1500,768x432,1.953821000000005,3238,
2025-12-20T12:03:58.035Z,1.138,3,1500,768x432,1.946690999999987,3253,
2025-12-20T12:03:58.735Z,1.113,3,1500,768x432,1.9506790000000365,3267,
2025-12-20T12:03:58.939Z,1.347,3,1500,768x432,1.9440699999999538,3267,
2025-12-20T12:03:59.652Z,1.03,3,1500,768x432,1.9295100000000502,3274,
2025-12-20T12:03:59.836Z,1.262,3,1500,768x432,1.9450169999999503,3274,
2025-12-20T12:04:00.533Z,1.232,3,1500,768x432,1.9472230000000081,3287,
2025-12-20T12:04:01.247Z,0.939,3,1500,768x432,1.9380010000000425,3302,
2025-12-20T12:04:01.468Z,1.175,3,1500,768x432,1.9181810000000041,3302,
2025-12-20T12:04:02.177Z,1.074,3,1500,768x432,1.9117169999999533,3312,
2025-12-20T12:04:02.334Z,1.386,3,1500,768x432,1.9594040000000064,3312,
2025-12-20T12:04:03.021Z,1.074,3,1500,768x432,1.9569520000000011,3301,
2025-12-20T12:04:03.764Z,1.041,3,1500,768x432,1.9163649999999848,3309,
2025-12-20T12:04:03.991Z,1.26,3,1500,768x432,1.9863880000000336,3320,
2025-12-20T12:04:04.721Z,0.981,3,1500,768x432,1.9582869999999843,3327,
2025-12-20T12:04:04.929Z,1.185,3,1500,768x432,1.9540299999999888,3327,
2025-12-20T12:04:05.640Z,1.183,3,1500,768x432,1.945133999999996,3335,
2025-12-20T12:04:05.838Z,1.423,3,1500,768x432,1.9446060000000216,3335,
2025-12-20T12:04:06.566Z,1.129,3,1500,768x432,1.9200609999999756,3348,
2025-12-20T12:04:07.264Z,1.084,3,1500,768x432,1.93499300000002,3362,
2025-12-20T12:04:07.396Z,1.337,3,1500,768x432,1.9989390000000071,3365,
2025-12-20T12:04:08.058Z,1.301,3,1500,768x432,1.9241300000000479,3368,
2025-12-20T12:04:08.744Z,1,3,1500,768x432,1.9391499999999837,3370,
2025-12-20T12:04:08.925Z,1.214,3,1500,768x432,1.9579939999999851,3370,
2025-12-20T12:04:09.639Z,1.195,3,1500,768x432,1.9460550000000012,3379,
2025-12-20T12:04:09.862Z,1.438,3,1500,768x432,1.9180340000000342,3379,
2025-12-20T12:04:10.673Z,1.144,3,1500,768x432,1.9110719999999901,3385,
2025-12-20T12:04:10.879Z,1.376,3,1500,768x432,2.000651000000005,3385,
2025-12-20T12:04:11.597Z,1.071,3,1500,768x432,1.9917740000000208,3387,
2025-12-20T12:04:11.810Z,1.301,3,1500,768x432,1.9772259999999733,3387,
2025-12-20T12:04:12.517Z,1.261,3,1500,768x432,1.9682019999999625,3387,
2025-12-20T12:04:13.236Z,0.971,3,1500,768x432,1.946183000000019,3389,
2025-12-20T12:04:13.435Z,1.201,3,1500,768x432,1.947166999999979,3389,
2025-12-20T12:04:14.133Z,1.164,3,1500,768x432,1.9524069999999938,3389,
2025-12-20T12:04:14.345Z,1.288,3,1500,768x432,1.9413559999999848,3389,
2025-12-20T12:04:15.049Z,1.108,3,1500,768x432,1.9322860000000333,3391,
2025-12-20T12:04:15.774Z,1.073,3,1500,768x432,1.909468000000004,3395,
2025-12-20T12:04:16.018Z,1.315,3,1500,768x432,1.9644010000000094,3395,
2025-12-20T12:04:16.746Z,1.011,3,1500,768x432,1.9355830000000083,3396,
2025-12-20T12:04:16.947Z,1.248,3,1500,768x432,1.933290999999997,3396,
2025-12-20T12:04:17.680Z,0.952,3,1500,768x432,2.0009729999999877,3396,
2025-12-20T12:04:17.860Z,1.415,3,1500,768x432,1.9231120000000033,3396,
2025-12-20T12:04:18.504Z,1.161,3,1500,768x432,1.979885999999965,3396,
2025-12-20T12:04:19.212Z,1.118,3,1500,768x432,1.979896999999994,3394,
2025-12-20T12:04:19.464Z,1.244,3,1500,768x432,1.92433299999999,3394,
2025-12-20T12:04:20.172Z,1.058,3,1500,768x432,1.9164930000000027,3395,
2025-12-20T12:04:20.355Z,1.314,3,1500,768x432,1.9442940000000135,3395,
2025-12-20T12:04:21.177Z,1,3,1500,768x432,1.9089720000000057,3393,
2025-12-20T12:04:21.358Z,1.421,3,1500,768x432,1.9259459999999535,3393,
2025-12-20T12:04:22.078Z,1.201,3,1500,768x432,1.9988410000000272,3392,
2025-12-20T12:04:22.810Z,0.908,3,1500,768x432,1.9710260000000517,3393,
2025-12-20T12:04:23.043Z,1.12,3,1500,768x432,1.934274999999957,3391,
2025-12-20T12:04:23.778Z,0.847,3,1500,768x432,2.0052900000000022,3391,
2025-12-20T12:04:23.973Z,1.321,3,1500,768x432,1.9101519999999823,3392,
2025-12-20T12:04:24.661Z,1.057,3,1500,768x432,1.9301280000000247,3390,
2025-12-20T12:04:24.763Z,1.444,3,1500,768x432,1.9246229999999969,3390,
2025-12-20T12:04:25.295Z,1.515,3,1500,768x432,1.9892830000000004,3389,
2025-12-20T12:04:26.111Z,1.216,3,1500,768x432,1.969820000000027,3384,
2025-12-20T12:04:26.322Z,1.347,3,1500,768x432,1.9633460000000014,3384,
2025-12-20T12:04:27.046Z,1.152,3,1500,768x432,1.9322630000000345,3387,
2025-12-20T12:04:27.764Z,0.857,3,1500,768x432,1.922461999999996,3386,
2025-12-20T12:04:27.968Z,1.333,3,1500,768x432,1.9105470000000082,3389,
2025-12-20T12:04:28.679Z,1.074,3,1500,768x432,2.0096790000000055,3389,
2025-12-20T12:04:28.884Z,1.299,3,1500,768x432,2.0041180000000054,3389,
2025-12-20T12:04:29.606Z,0.999,3,1500,768x432,1.981346999999971,3394,
2025-12-20T12:04:29.811Z,1.491,3,1500,768x432,1.968779999999981,3394,
2025-12-20T12:04:30.517Z,1.204,3,1500,768x432,1.9662210000000186,3399,
2025-12-20T12:04:31.226Z,0.915,3,1500,768x432,1.962517000000048,3404,
2025-12-20T12:04:31.386Z,1.284,3,1500,768x432,2.0015869999999722,3404,
2025-12-20T12:04:32.065Z,1.059,3,1500,768x432,1.9135009999999966,3406,
2025-12-20T12:04:32.759Z,1.08,3,1500,768x432,1.9265199999999822,3409,
2025-12-20T12:04:32.973Z,1.317,3,1500,768x432,1.9121600000000285,3413,
2025-12-20T12:04:33.737Z,1.011,3,1500,768x432,1.9424210000000244,3414,
2025-12-20T12:04:33.997Z,1.248,3,1500,768x432,1.9810979999999745,3414,
2025-12-20T12:04:34.692Z,0.952,3,1500,768x432,1.9866910000000075,3422,
2025-12-20T12:04:34.886Z,1.403,3,1500,768x432,1.993325000000027,3422,
2025-12-20T12:04:35.593Z,1.16,3,1500,768x432,1.992824999999982,3428,
2025-12-20T12:04:36.288Z,0.871,3,1500,768x432,2.0069819999999936,3432,
2025-12-20T12:04:36.480Z,1.242,3,1500,768x432,2.0095979999999827,3436,
2025-12-20T12:04:37.180Z,1.058,3,1500,768x432,2.0099629999999706,3438,
2025-12-20T12:04:37.369Z,1.317,3,1500,768x432,1.930669000000023,3438,
2025-12-20T12:04:38.132Z,0.997,3,1500,768x432,1.9495299999999816,3444,
2025-12-20T12:04:38.349Z,1.42,3,1500,768x432,1.9344970000000217,3444,
2025-12-20T12:04:39.065Z,1.202,3,1500,768x432,1.9154640000000427,3453,
2025-12-20T12:04:39.770Z,0.904,3,1500,768x432,1.9122050000000286,3459,
2025-12-20T12:04:39.960Z,1.135,3,1500,768x432,1.9203229999999962,3462,
2025-12-20T12:04:40.627Z,1.11,3,1500,768x432,1.9611590000000092,3467,
2025-12-20T12:04:40.824Z,1.347,3,1500,768x432,1.9604119999999625,3467,
2025-12-20T12:04:41.540Z,1.322,3,1500,768x432,1.9554569999999671,3470,
2025-12-20T12:04:42.224Z,0.951,3,1500,768x432,1.9561279999999783,3478,
2025-12-20T12:04:42.389Z,1.246,3,1500,768x432,1.990274999999997,3478,
2025-12-20T12:04:43.147Z,0.957,3,1500,768x432,1.9375840000000153,3480,
2025-12-20T12:04:43.366Z,1.378,3,1500,768x432,1.9172379999999976,3480,
2025-12-20T12:04:44.094Z,1.155,3,1500,768x432,1.9884700000000066,3487,
2025-12-20T12:04:44.292Z,1.399,3,1500,768x432,2.0012199999999893,3487,
2025-12-20T12:04:44.979Z,1.358,3,1500,768x432,1.9991699999999923,3494,
2025-12-20T12:04:45.631Z,1.071,3,1500,768x432,1.9581269999999904,3501,
2025-12-20T12:04:45.936Z,1.296,3,1500,768x432,1.9473050000000285,3501,
2025-12-20T12:04:46.630Z,0.998,3,1500,768x432,1.9543590000000108,3505,
2025-12-20T12:04:46.801Z,1.465,3,1500,768x432,1.983762000000013,3505,
2025-12-20T12:04:47.540Z,1.202,3,1500,768x432,1.9441810000000146,3512,
2025-12-20T12:04:48.248Z,0.911,3,1500,768x432,1.9458430000000249,3518,
2025-12-20T12:04:48.441Z,1.317,3,1500,768x432,1.946286999999984,3518,
2025-12-20T12:04:49.137Z,1.105,3,1500,768x432,1.9474549999999908,3522,
2025-12-20T12:04:49.366Z,1.245,3,1500,768x432,1.9300969999999893,3522,
2025-12-20T12:04:50.068Z,1.042,3,1500,768x432,1.9127340000000004,3525,
2025-12-20T12:04:50.762Z,1.009,3,1500,768x432,1.9205129999999713,3530,
2025-12-20T12:04:50.959Z,1.244,3,1500,768x432,1.921158000000048,3532,
2025-12-20T12:04:51.652Z,0.95,3,1500,768x432,1.9274259999999686,3532,
2025-12-20T12:04:51.830Z,1.316,3,1500,768x432,1.9492510000000038,3532,
2025-12-20T12:04:52.568Z,1.159,3,1500,768x432,1.9141989999999964,3534,
2025-12-20T12:04:53.287Z,0.872,3,1500,768x432,2.005583999999999,3537,
2025-12-20T12:04:53.506Z,1.101,3,1500,768x432,1.9862949999999842,3540,
2025-12-20T12:04:54.193Z,1.06,3,1500,768x432,1.9981240000000184,3545,
2025-12-20T12:04:54.373Z,1.315,3,1500,768x432,1.927773000000002,3545,
2025-12-20T12:04:55.063Z,1.266,3,1500,768x432,1.9171120000000315,3549,
2025-12-20T12:04:55.774Z,0.966,3,1500,768x432,1.907164000000023,3551,
2025-12-20T12:04:55.990Z,1.201,3,1500,768x432,1.991817000000026,3553,
2025-12-20T12:04:56.697Z,0.906,3,1500,768x432,1.983068000000003,3556,
2025-12-20T12:04:56.946Z,1.15,3,1500,768x432,1.9352729999999951,3556,
2025-12-20T12:04:57.633Z,1.116,3,1500,768x432,1.952762000000007,3560,
2025-12-20T12:04:57.832Z,1.346,3,1500,768x432,1.9522609999999645,3560,
2025-12-20T12:04:58.537Z,1.32,3,1500,768x432,1.9583480000000009,3566,
2025-12-20T12:04:59.227Z,1.01,3,1500,768x432,1.9577400000000011,3572,
2025-12-20T12:04:59.417Z,1.248,3,1500,768x432,1.9630789999999934,3572,
2025-12-20T12:05:00.119Z,1.203,3,1500,768x432,1.965377999999987,3575,
2025-12-20T12:05:00.275Z,1.38,3,1500,768x432,1.914461000000017,3575,
2025-12-20T12:05:00.989Z,1.152,3,1500,768x432,1.9887479999999869,3577,
2025-12-20T12:05:01.673Z,1.122,3,1500,768x432,1.9115510000000313,3583,
2025-12-20T12:05:01.858Z,1.321,3,1500,768x432,1.9231649999999831,3583,
2025-12-20T12:05:02.652Z,1.069,3,1500,768x432,1.938760000000002,3586,
2025-12-20T12:05:02.867Z,1.298,3,1500,768x432,1.917158000000029,3586,
2025-12-20T12:05:03.557Z,1.266,3,1500,768x432,1.9233960000000252,3591,
2025-12-20T12:05:04.287Z,0.968,3,1500,768x432,1.996783999999991,3597,
2025-12-20T12:05:04.483Z,1.2,3,1500,768x432,2.0018230000000017,3597,
2025-12-20T12:05:05.177Z,1.17,3,1500,768x432,1.9108789999999658,3601,
2025-12-20T12:05:05.387Z,1.319,3,1500,768x432,2.000679000000048,3601,
2025-12-20T12:05:06.082Z,1.104,3,1500,768x432,1.9963679999999613,3604,
2025-12-20T12:05:06.792Z,0.811,3,1500,768x432,1.9920760000000541,3605,
2025-12-20T12:05:06.994Z,1.307,3,1500,768x432,1.9848389999999654,3601,
2025-12-20T12:05:07.709Z,1.01,3,1500,768x432,1.9718490000000202,3597,
2025-12-20T12:05:07.911Z,1.249,3,1500,768x432,1.9722790000000145,3597,
2025-12-20T12:05:08.605Z,1.216,3,1500,768x432,1.9760689999999954,3592,
2025-12-20T12:05:08.830Z,1.45,3,1500,768x432,1.9493920000000458,3592,
2025-12-20T12:05:09.549Z,1.156,3,1500,768x432,1.9342589999999973,3585,
2025-12-20T12:05:10.271Z,0.87,3,1500,768x432,1.9277610000000323,3579,
2025-12-20T12:05:10.485Z,1.229,3,1500,768x432,2.0072890000000143,3574,
2025-12-20T12:05:11.202Z,1.06,3,1500,768x432,1.9910189999999943,3563,
2025-12-20T12:05:11.409Z,1.317,3,1500,768x432,1.9900600000000281,3563,
2025-12-20T12:05:12.134Z,0.998,3,1500,768x432,1.9471320000000105,3553,
2025-12-20T12:05:12.321Z,1.423,3,1500,768x432,1.96082100000001,3553,
2025-12-20T12:05:13.027Z,1.2,3,1500,768x432,1.9519610000000398,3537,
2025-12-20T12:05:13.728Z,0.907,3,1500,768x432,1.953454000000022,3511,
2025-12-20T12:05:13.941Z,1.368,3,1500,768x432,1.9372430000000236,3511,
2025-12-20T12:05:14.669Z,1.113,3,1500,768x432,1.9179520000000139,3512,
2025-12-20T12:05:14.892Z,1.342,3,1500,768x432,1.9899540000000115,3512,
2025-12-20T12:05:15.606Z,1.056,3,1500,768x432,1.9892300000000205,3509,
2025-12-20T12:05:15.814Z,1.315,3,1500,768x432,1.971258999999975,3509,
2025-12-20T12:05:16.530Z,1.248,3,1500,768x432,1.956314999999961,3517,
2025-12-20T12:05:17.242Z,0.957,3,1500,768x432,1.9436069999999859,3521,
2025-12-20T12:05:17.417Z,1.186,3,1500,768x432,1.9646190000000274,3521,
2025-12-20T12:05:18.867Z,0.357,3,1500,768x432,1.9240589999999997,3528,
2025-12-20T12:05:19.539Z,0.056,3,1500,768x432,1.9514769999999544,2805,rebuffer happen
2025-12-20T12:05:19.565Z,0.03,3,1500,768x432,1.9248890000000074,2805,rebuffer happen
2025-12-20T12:05:20.018Z,0.03,3,1500,768x432,2.416889000000026,2805,
2025-12-20T12:05:20.349Z,0.098,3,1500,768x432,2.2879899999999793,2107,rebuffer happen
2025-12-20T12:05:20.399Z,0.03,3,1500,768x432,2.3127420000000143,2107,rebuffer happen
2025-12-20T12:05:21.037Z,0.03,3,1500,768x432,2.91274199999998,2107,
2025-12-20T12:05:21.433Z,0.033,3,1500,768x432,2.8191620000000057,1698,rebuffer happen
2025-12-20T12:05:21.434Z,0.033,3,1500,768x432,2.8191620000000057,1698,rebuffer happen
2025-12-20T12:05:21.933Z,0.033,3,1500,768x432,3.3191620000000057,1698,
2025-12-20T12:05:22.002Z,0.508,2,1000,640x360,3.329817999999989,1438,
2025-12-20T12:05:22.223Z,0.2,2,1000,640x360,3.292679000000021,1438,rebuffer happen
2025-12-20T12:05:22.351Z,0.025,2,1000,640x360,3.2101559999999836,1438,rebuffer happen
2025-12-20T12:05:22.652Z,0.025,2,1000,640x360,3.5111559999999713,1438,
2025-12-20T12:05:22.884Z,0.2,2,1000,640x360,3.4884170000000267,1219,rebuffer happen
2025-12-20T12:05:22.984Z,0.049,2,1000,640x360,3.4373469999999884,1219,rebuffer happen
2025-12-20T12:05:23.281Z,0.049,2,1000,640x360,3.734347000000014,1219,
2025-12-20T12:05:23.511Z,0.279,2,1000,640x360,3.663790000000006,1176,rebuffer happen
2025-12-20T12:05:23.669Z,0.043,2,1000,640x360,3.537229000000025,1176,rebuffer happen
2025-12-20T12:05:24.157Z,0.043,2,1000,640x360,4.0322289999999725,1176,
2025-12-20T12:05:24.463Z,0.11,2,1000,640x360,3.9021339999999896,1028,rebuffer happen
2025-12-20T12:05:24.536Z,0.025,2,1000,640x360,3.9105430000000183,1028,rebuffer happen
2025-12-20T12:05:24.799Z,0.025,2,1000,640x360,4.213543000000016,1028,
2025-12-20T12:05:25.072Z,0.149,2,1000,640x360,4.031737999999962,1003,rebuffer happen
2025-12-20T12:05:25.170Z,0.056,2,1000,640x360,4.041263000000015,1003,rebuffer happen
2025-12-20T12:05:25.335Z,0.056,2,1000,640x360,4.247262999999975,1003,
2025-12-20T12:05:25.410Z,0.556,1,600,480x270,4.272842000000026,947,
2025-12-20T12:05:25.571Z,0.258,1,600,480x270,4.154049000000043,947,rebuffer happen
2025-12-20T12:05:25.737Z,0.03,1,600,480x270,4.116407000000038,947,rebuffer happen
2025-12-20T12:05:25.745Z,0.03,1,600,480x270,4.116407000000038,947,
2025-12-20T12:05:25.995Z,0.273,1,600,480x270,4.156766000000005,947,rebuffer happen
2025-12-20T12:05:26.127Z,0.273,1,600,480x270,4.08917299999996,947,
2025-12-20T12:05:26.508Z,0.438,1,600,480x270,3.9870480000000157,904,
2025-12-20T12:05:26.789Z,0.183,1,600,480x270,3.8697480000000155,893,rebuffer happen
2025-12-20T12:05:26.888Z,0.035,1,600,480x270,3.8225060000000326,893,rebuffer happen
2025-12-20T12:05:26.896Z,0.035,1,600,480x270,3.8225060000000326,893,
2025-12-20T12:05:27.153Z,0.257,1,600,480x270,3.750653,869,rebuffer happen
2025-12-20T12:05:27.274Z,0.257,1,600,480x270,3.662785000000042,869,
2025-12-20T12:05:27.638Z,0.029,1,600,480x270,3.519114000000002,854,rebuffer happen
2025-12-20T12:05:27.639Z,0.029,1,600,480x270,3.519114000000002,854,rebuffer happen
2025-12-20T12:05:27.651Z,0.029,1,600,480x270,3.519114000000002,854,
2025-12-20T12:05:27.897Z,0.205,1,600,480x270,3.490545999999995,854,rebuffer happen
2025-12-20T12:05:28.006Z,0.042,1,600,480x270,3.4382790000000227,854,rebuffer happen
2025-12-20T12:05:28.019Z,0.042,1,600,480x270,3.4382790000000227,854,
2025-12-20T12:05:28.272Z,0.201,1,600,480x270,3.284752000000026,829,rebuffer happen
2025-12-20T12:05:28.356Z,0.201,1,600,480x270,3.2586780000000317,829,
2025-12-20T12:05:28.692Z,0.301,1,600,480x270,3.1672949999999673,838,
2025-12-20T12:05:29.015Z,0.408,1,600,480x270,2.97895299999999,838,
2025-12-20T12:05:29.308Z,0.409,1,600,480x270,2.8883630000000267,833,
2025-12-20T12:05:29.602Z,0.264,1,600,480x270,2.7581100000000447,834,rebuffer happen
2025-12-20T12:05:29.602Z,0.264,1,600,480x270,2.757156000000009,834,
2025-12-20T12:05:29.932Z,0.33,1,600,480x270,2.5648860000000013,834,
2025-12-20T12:05:30.250Z,0.508,1,600,480x270,2.4349260000000186,830,
2025-12-20T12:05:30.325Z,0.818,0,200,320x180,2.420328999999981,830,
2025-12-20T12:05:30.480Z,0.984,0,200,320x180,2.400909000000013,830,
2025-12-20T12:05:30.638Z,1.264,0,200,320x180,2.2886950000000184,843,
2025-12-20T12:05:30.796Z,1.55,0,200,320x180,2.269243000000017,843,
2025-12-20T12:05:30.929Z,1.87,0,200,320x180,2.1868760000000407,864,
2025-12-20T12:05:31.037Z,2.18,0,200,320x180,2.1589629999999715,864,
2025-12-20T12:05:31.290Z,2.503,0,200,320x180,2.1754110000000537,864,
2025-12-20T12:05:31.805Z,2.378,0,200,320x180,2.0656290000000013,908,
2025-12-20T12:05:32.299Z,2.356,0,200,320x180,2.037523999999962,917,
2025-12-20T12:05:32.832Z,2.261,0,200,320x180,1.9762890000000084,935,
2025-12-20T12:05:33.303Z,2.333,0,200,320x180,2.004795999999999,951,
2025-12-20T12:05:33.800Z,2.325,0,200,320x180,1.992777999999987,966,
2025-12-20T12:05:33.879Z,2.247,1,600,480x270,1.911356000000012,981,
2025-12-20T12:05:35.105Z,1.185,1,600,480x270,1.9867490000000316,979,
2025-12-20T12:05:35.327Z,1.425,1,600,480x270,1.9632849999999848,979,
2025-12-20T12:05:36.070Z,1.123,1,600,480x270,1.9122259999999756,1020,
2025-12-20T12:05:36.797Z,0.822,1,600,480x270,1.9879920000000197,1062,
2025-12-20T12:05:37.027Z,1.26,1,600,480x270,1.9532740000000217,1082,
2025-12-20T12:05:37.603Z,1.025,2,1000,640x360,1.9949359999999956,1107,
2025-12-20T12:05:37.904Z,0.754,2,1000,640x360,1.984973000000025,1107,
2025-12-20T12:05:38.219Z,0.992,2,1000,640x360,1.9634000000000356,1140,
2025-12-20T12:05:38.580Z,1.234,2,1000,640x360,2.000671000000011,1140,
2025-12-20T12:05:39.331Z,0.938,2,1000,640x360,1.9613129999999614,1178,
2025-12-20T12:05:39.596Z,1.174,2,1000,640x360,1.9880729999999858,1212,
2025-12-20T12:05:39.858Z,1.33,2,1000,640x360,1.9216089999999895,1212,
2025-12-20T12:05:40.565Z,1.102,2,1000,640x360,1.9201019999999858,1233,
2025-12-20T12:05:41.454Z,0.828,2,1000,640x360,1.9434539999999743,1306,
2025-12-20T12:05:41.729Z,1.009,2,1000,640x360,1.9621329999999944,1403,
2025-12-20T12:05:41.968Z,1.14,2,1000,640x360,1.9197470000000294,1403,
2025-12-20T12:05:42.712Z,0.976,2,1000,640x360,1.9697970000000282,1449,
2025-12-20T12:05:42.940Z,1.217,2,1000,640x360,1.9375570000000266,1449,
2025-12-20T12:05:43.519Z,1.187,3,1500,768x432,1.9762160000000222,1483,
2025-12-20T12:05:43.885Z,0.838,3,1500,768x432,1.9957279999999855,1483,
2025-12-20T12:05:44.242Z,0.888,3,1500,768x432,1.942687000000035,1531,
2025-12-20T12:05:44.504Z,1.123,3,1500,768x432,1.9761560000000031,1531,
2025-12-20T12:05:45.304Z,0.843,3,1500,768x432,1.998894000000007,1554,
2025-12-20T12:05:45.582Z,1.056,3,1500,768x432,2.0110799999999927,1589,
2025-12-20T12:05:46.428Z,0.748,3,1500,768x432,1.950411000000031,1600,
2025-12-20T12:05:46.800Z,0.967,3,1500,768x432,1.9852179999999748,1623,
2025-12-20T12:05:47.200Z,0.959,3,1500,768x432,1.986695999999995,1644,
2025-12-20T12:05:47.503Z,1.191,3,1500,768x432,1.9866429999999582,1644,
2025-12-20T12:05:48.315Z,0.897,3,1500,768x432,1.9750700000000165,1671,
2025-12-20T12:05:48.598Z,1.131,3,1500,768x432,1.9919120000000134,1698,
2025-12-20T12:05:48.934Z,1.298,3,1500,768x432,1.9469550000000027,1698,
2025-12-20T12:05:49.792Z,1.062,3,1500,768x432,1.9922540000000026,1717,
2025-12-20T12:05:50.073Z,1.026,3,1500,768x432,1.9074719999999843,1752,
2025-12-20T12:05:50.886Z,0.735,3,1500,768x432,1.994799999999998,1773,
2025-12-20T12:05:51.240Z,0.968,3,1500,768x432,1.9435740000000123,1803,
2025-12-20T12:05:51.556Z,1.203,3,1500,768x432,1.926087999999993,1803,
2025-12-20T12:05:52.343Z,0.912,3,1500,768x432,1.9499839999999722,1839,
2025-12-20T12:05:52.597Z,1.147,3,1500,768x432,1.987419999999986,1881,
2025-12-20T12:05:52.864Z,1.323,3,1500,768x432,1.9166810000000396,1881,
2025-12-20T12:05:53.607Z,1.074,3,1500,768x432,1.9745340000000056,1906,
2025-12-20T12:05:53.856Z,1.304,3,1500,768x432,1.9272100000000023,1906,
2025-12-20T12:05:54.600Z,1.015,3,1500,768x432,1.9994880000000421,1958,
2025-12-20T12:05:54.870Z,1.241,3,1500,768x432,1.9215919999999755,1958,
2025-12-20T12:05:55.686Z,0.94,3,1500,768x432,2.003386999999975,2006,
2025-12-20T12:05:56.030Z,1.17,3,1500,768x432,1.947609,2006,
2025-12-20T12:05:56.860Z,0.866,3,1500,768x432,1.9186840000000416,2029,
2025-12-20T12:05:57.123Z,1.103,3,1500,768x432,1.9643650000000434,2048,
2025-12-20T12:05:57.375Z,1.353,3,1500,768x432,1.9142490000000407,2048,
2025-12-20T12:05:58.312Z,1.041,3,1500,768x432,1.9942220000000361,2055,
2025-12-20T12:05:58.622Z,1.024,3,1500,768x432,1.977782999999988,2075,
2025-12-20T12:05:58.923Z,1.253,3,1500,768x432,1.9609230000000366,2075,
2025-12-20T12:05:59.730Z,0.951,3,1500,768x432,1.9556200000000104,2082,
2025-12-20T12:06:00.036Z,1.185,3,1500,768x432,1.9430059999999685,2082,
2025-12-20T12:06:00.672Z,1.161,3,1500,768x432,1.9098690000000147,2095,
2025-12-20T12:06:00.904Z,1.257,3,1500,768x432,1.9832020000000057,2095,
2025-12-20T12:06:01.755Z,1.096,3,1500,768x432,1.9312130000000138,2103,
2025-12-20T12:06:02.177Z,1.051,3,1500,768x432,1.9117350000000215,2080,
2025-12-20T12:06:02.525Z,1.311,3,1500,768x432,1.9753959999999893,2080,
2025-12-20T12:06:03.420Z,0.734,3,1500,768x432,1.9638479999999845,2058,
2025-12-20T12:06:03.803Z,0.888,3,1500,768x432,1.975184000000013,2031,
2025-12-20T12:06:04.236Z,0.941,3,1500,768x432,1.9511919999999918,2020,
2025-12-20T12:06:04.880Z,0.904,3,1500,768x432,2.000583000000006,2020,
2025-12-20T12:06:05.252Z,0.879,3,1500,768x432,1.932442999999978,1955,
2025-12-20T12:06:05.593Z,1.095,3,1500,768x432,1.9953179999999975,1904,
2025-12-20T12:06:06.370Z,0.83,3,1500,768x432,1.9284710000000018,1892,
2025-12-20T12:06:06.699Z,0.994,3,1500,768x432,1.9903779999999642,1879,
2025-12-20T12:06:07.066Z,1.124,3,1500,768x432,1.9141409999999723,1879,
2025-12-20T12:06:07.988Z,0.716,3,1500,768x432,1.998499000000038,1859,
2025-12-20T12:06:08.438Z,0.677,3,1500,768x432,1.9489700000000312,1831,
2025-12-20T12:06:08.847Z,0.81,3,1500,768x432,1.9394169999999917,1821,
2025-12-20T12:06:09.195Z,0.953,3,1500,768x432,1.9919970000000262,1806,
2025-12-20T12:06:09.717Z,1.094,3,1500,768x432,1.9653130000000374,1806,
2025-12-20T12:06:10.229Z,1.09,3,1500,768x432,1.9662420000000225,1783,
2025-12-20T12:06:10.669Z,1.024,3,1500,768x432,1.9229050000000143,1780,
2025-12-20T12:06:11.042Z,1.149,3,1500,768x432,1.9412269999999694,1774,
2025-12-20T12:06:11.953Z,0.738,3,1500,768x432,1.9348400000000083,1779,
2025-12-20T12:06:12.332Z,0.974,3,1500,768x432,1.9519730000000095,1779,
2025-12-20T12:06:12.705Z,0.929,3,1500,768x432,1.9779340000000047,1778,
2025-12-20T12:06:13.105Z,1.167,3,1500,768x432,1.9749520000000302,1778,
2025-12-20T12:06:13.439Z,1.404,3,1500,768x432,1.9430590000000052,1779,
2025-12-20T12:06:14.194Z,1.101,3,1500,768x432,2.0012949999999705,1798,
2025-12-20T12:06:14.404Z,1.356,3,1500,768x432,1.986392999999964,1798,
2025-12-20T12:06:15.156Z,1.043,3,1500,768x432,1.930390999999986,1842,
2025-12-20T12:06:15.428Z,1.301,3,1500,768x432,1.9707720000000108,1842,
2025-12-20T12:06:16.343Z,0.979,3,1500,768x432,1.9442940000000135,1889,
2025-12-20T12:06:16.781Z,0.953,3,1500,768x432,2.0002000000000066,1916,
2025-12-20T12:06:17.136Z,0.983,3,1500,768x432,1.9452719999999886,1919,
2025-12-20T12:06:17.471Z,1.151,3,1500,768x432,1.913312000000019,1919,
2025-12-20T12:06:18.335Z,0.864,3,1500,768x432,1.9566070000000195,1923,
2025-12-20T12:06:18.640Z,1.036,3,1500,768x432,1.9453399999999874,1932,
2025-12-20T12:06:18.955Z,1.169,3,1500,768x432,1.9239630000000147,1932,
2025-12-20T12:06:19.785Z,1.035,3,1500,768x432,2.0056999999999903,1936,
2025-12-20T12:06:20.130Z,1.001,3,1500,768x432,1.952620999999965,1942,
2025-12-20T12:06:20.513Z,1.218,3,1500,768x432,1.969425000000001,1942,
2025-12-20T12:06:21.474Z,0.671,3,1500,768x432,1.9089400000000296,1922,
2025-12-20T12:06:21.937Z,0.781,3,1500,768x432,1.9440720000000056,1876,
2025-12-20T12:06:22.411Z,0.877,3,1500,768x432,1.9743070000000102,1848,
2025-12-20T12:06:22.921Z,0.843,3,1500,768x432,1.9581340000000296,1815,
2025-12-20T12:06:23.385Z,0.826,3,1500,768x432,2.01158700000002,1789,
2025-12-20T12:06:23.758Z,0.984,3,1500,768x432,1.9276399999999967,1769,
2025-12-20T12:06:23.977Z,1.12,3,1500,768x432,1.9064039999999522,1789,
2025-12-20T12:06:24.733Z,0.979,3,1500,768x432,1.949612000000002,1846,
2025-12-20T12:06:25.006Z,1.216,3,1500,768x432,1.9795139999999947,1846,
2025-12-20T12:06:25.876Z,0.924,3,1500,768x432,1.9104990000000157,1895,
2025-12-20T12:06:26.227Z,0.893,3,1500,768x432,1.9624370000000226,1941,
2025-12-20T12:06:26.493Z,1.126,3,1500,768x432,1.9947650000000294,1941,
2025-12-20T12:06:27.288Z,0.841,3,1500,768x432,2.016666999999984,1958,
2025-12-20T12:06:27.646Z,1.018,3,1500,768x432,1.9430920000000356,1972,
2025-12-20T12:06:27.953Z,1.15,3,1500,768x432,1.929349000000002,1972,
2025-12-20T12:06:28.761Z,1.009,3,1500,768x432,1.9321279999999774,1982,
2025-12-20T12:06:29.077Z,1.078,3,1500,768x432,1.9088419999999928,1995,
2025-12-20T12:06:29.813Z,0.936,3,1500,768x432,1.9722340000000145,2001,
2025-12-20T12:06:30.034Z,1.164,3,1500,768x432,1.9461100000000329,2036,
2025-12-20T12:06:30.700Z,1.131,3,1500,768x432,1.981236000000024,2055,
2025-12-20T12:06:30.893Z,1.259,3,1500,768x432,1.9865970000000175,2055,
2025-12-20T12:06:31.606Z,1.08,3,1500,768x432,1.983000000000004,2076,
2025-12-20T12:06:31.911Z,1.313,3,1500,768x432,1.9714020000000119,2076,
2025-12-20T12:06:32.629Z,1.026,3,1500,768x432,1.9639499999999543,2138,
2025-12-20T12:06:32.837Z,1.449,3,1500,768x432,1.9495790000000284,2138,
2025-12-20T12:06:33.492Z,1.219,3,1500,768x432,1.9894620000000032,2210,
2025-12-20T12:06:34.158Z,1.176,3,1500,768x432,1.926823000000013,2259,
2025-12-20T12:06:34.348Z,1.429,3,1500,768x432,1.941933000000006,2259,
2025-12-20T12:06:35.060Z,1.119,3,1500,768x432,1.918925999999999,2274,
2025-12-20T12:06:35.760Z,1.089,3,1500,768x432,1.9235189999999989,2313,
2025-12-20T12:06:36.021Z,1.152,3,1500,768x432,1.9570729999999799,2324,
2025-12-20T12:06:36.862Z,0.767,3,1500,768x432,1.9234090000000492,2356,
2025-12-20T12:06:37.085Z,1.058,3,1500,768x432,1.995429999999999,2391,
2025-12-20T12:06:37.813Z,0.967,3,1500,768x432,1.9668960000000197,2403,
2025-12-20T12:06:38.053Z,1.202,3,1500,768x432,1.9295830000000365,2422,
2025-12-20T12:06:38.711Z,0.905,3,1500,768x432,1.9694959999999924,2444,
2025-12-20T12:06:38.874Z,1.249,3,1500,768x432,1.9058240000000524,2444,
2025-12-20T12:06:39.511Z,1.114,3,1500,768x432,1.978744000000006,2499,
2025-12-20T12:06:40.121Z,1.065,3,1500,768x432,1.9625539999999546,2554,
2025-12-20T12:06:40.251Z,1.478,3,1500,768x432,1.9465869999999654,2554,
2025-12-20T12:06:40.955Z,1.286,3,1500,768x432,1.9286440000000198,2580,
2025-12-20T12:06:41.670Z,0.982,3,1500,768x432,1.9129910000000336,2652,
2025-12-20T12:06:41.820Z,1.317,3,1500,768x432,1.9589239999999677,2652,
2025-12-20T12:06:42.479Z,1.187,3,1500,768x432,2.0035009999999716,2695,
2025-12-20T12:06:43.133Z,1.147,3,1500,768x432,1.9505649999999832,2746,
2025-12-20T12:06:43.287Z,1.322,3,1500,768x432,2.002742000000012,2746,
2025-12-20T12:06:43.952Z,1.361,3,1500,768x432,1.9270399999999768,2775,
2025-12-20T12:06:44.628Z,1.07,3,1500,768x432,1.9618449999999825,2825,
2025-12-20T12:06:44.782Z,1.365,3,1500,768x432,2.0052610000000186,2825,
2025-12-20T12:06:45.459Z,1.262,3,1500,768x432,1.919731000000013,2856,
2025-12-20T12:06:46.172Z,0.973,3,1500,768x432,1.913735000000031,2905,
2025-12-20T12:06:46.407Z,1.201,3,1500,768x432,1.9776810000000182,2905,
2025-12-20T12:06:47.093Z,1.157,3,1500,768x432,1.9874770000000126,2922,
2025-12-20T12:06:47.819Z,0.876,3,1500,768x432,1.9625330000000076,2950,
2025-12-20T12:06:48.127Z,1.075,3,1500,768x432,1.9583769999999845,2967,
2025-12-20T12:06:48.316Z,1.358,3,1500,768x432,1.9772379999999998,2967,
2025-12-20T12:06:49.044Z,1.313,3,1500,768x432,1.9353570000000104,2992,
2025-12-20T12:06:49.708Z,1.01,3,1500,768x432,1.9704460000000381,3021,
2025-12-20T12:06:49.966Z,1.249,3,1500,768x432,1.9165990000000193,3021,
2025-12-20T12:06:50.720Z,0.949,3,1500,768x432,1.9615380000000187,3026,
2025-12-20T12:06:50.862Z,1.375,3,1500,768x432,1.9162589999999682,3026,
2025-12-20T12:06:51.551Z,1.159,3,1500,768x432,1.9312889999999925,3033,
2025-12-20T12:06:52.265Z,0.872,3,1500,768x432,1.9280920000000492,3039,
2025-12-20T12:06:52.505Z,1.101,3,1500,768x432,1.9861500000000092,3044,
2025-12-20T12:06:53.246Z,1.058,3,1500,768x432,1.9494530000000054,3046,
2025-12-20T12:06:53.500Z,1.123,3,1500,768x432,2.0003739999999652,3046,
2025-12-20T12:06:54.268Z,0.999,3,1500,768x432,1.9143760000000043,3051,
2025-12-20T12:06:54.539Z,1.234,3,1500,768x432,1.9435930000000212,3058,
2025-12-20T12:06:55.232Z,0.941,3,1500,768x432,1.9527910000000475,3060,
2025-12-20T12:06:55.418Z,1.317,3,1500,768x432,1.9708840000000123,3060,
2025-12-20T12:06:56.108Z,1.136,3,1500,768x432,1.9724509999999782,3087,
2025-12-20T12:06:56.296Z,1.386,3,1500,768x432,1.9975009999999997,3087,
2025-12-20T12:06:57.004Z,1.343,3,1500,768x432,1.9762549999999806,3119,
2025-12-20T12:06:57.712Z,1.045,3,1500,768x432,1.9675900000000297,3152,
2025-12-20T12:06:57.871Z,1.245,3,1500,768x432,1.9071340000000419,3152,
2025-12-20T12:06:58.567Z,1.242,3,1500,768x432,1.9102959999999598,3168,
2025-12-20T12:06:59.265Z,0.956,3,1500,768x432,1.9251130000000103,3190,
2025-12-20T12:06:59.449Z,1.19,3,1500,768x432,1.9350170000000162,3193,
2025-12-20T12:07:00.153Z,1.146,3,1500,768x432,1.936001000000033,3197,
2025-12-20T12:07:00.367Z,1.397,3,1500,768x432,1.921824000000015,3197,
2025-12-20T12:07:01.086Z,1.091,3,1500,768x432,1.992102999999986,3205,
2025-12-20T12:07:01.802Z,0.793,3,1500,768x432,1.978527999999983,3216,
2025-12-20T12:07:02.020Z,1.232,3,1500,768x432,1.960786999999982,3221,
2025-12-20T12:07:02.825Z,1.006,3,1500,768x432,1.958804999999984,3225,
2025-12-20T12:07:03.054Z,1.14,3,1500,768x432,1.9234519999999975,3236,
2025-12-20T12:07:03.793Z,0.938,3,1500,768x432,1.9869170000000054,3231,
2025-12-20T12:07:04.036Z,1.164,3,1500,768x432,1.942577999999969,3220,
2025-12-20T12:07:04.769Z,0.873,3,1500,768x432,1.9143980000000056,3213,
2025-12-20T12:07:05.008Z,1.103,3,1500,768x432,1.971365999999989,3207,
2025-12-20T12:07:05.738Z,1.08,3,1500,768x432,1.9460520000000088,3199,
2025-12-20T12:07:05.947Z,1.212,3,1500,768x432,1.9366449999999986,3199,
2025-12-20T12:07:06.636Z,1.024,3,1500,768x432,1.9540999999999826,3193,
2025-12-20T12:07:06.662Z,1.467,3,1500,768x432,1.9270909999999617,3193,
2025-12-20T12:07:07.524Z,1.219,3,1500,768x432,1.9603290000000015,3179,
2025-12-20T12:07:08.298Z,0.928,3,1500,768x432,1.9945040000000063,3174,
2025-12-20T12:07:08.591Z,1.156,3,1500,768x432,1.9938339999999926,3147,
2025-12-20T12:07:09.399Z,0.867,3,1500,768x432,1.9936380000000327,3093,
2025-12-20T12:07:09.717Z,1.066,3,1500,768x432,1.967033000000015,2998,
2025-12-20T12:07:10.026Z,1.197,3,1500,768x432,1.9572349999999687,2998,
2025-12-20T12:07:10.852Z,0.75,3,1500,768x432,1.9378269999999702,2900,
2025-12-20T12:07:11.164Z,0.983,3,1500,768x432,1.9166079999999965,2775,
2025-12-20T12:07:11.492Z,1.216,3,1500,768x432,1.9902720000000045,2775,
2025-12-20T12:07:12.314Z,0.929,3,1500,768x432,1.9773470000000088,2708,
2025-12-20T12:07:12.598Z,1.16,3,1500,768x432,1.9845429999999737,2620,
2025-12-20T12:07:12.906Z,1.327,3,1500,768x432,1.9748920000000112,2620,
2025-12-20T12:07:13.732Z,1.09,3,1500,768x432,1.9476700000000164,2578,
2025-12-20T12:07:14.054Z,1.057,3,1500,768x432,1.9328629999999976,2578,
2025-12-20T12:07:14.874Z,0.767,3,1500,768x432,1.9060870000000136,2507,
2025-12-20T12:07:15.186Z,0.997,3,1500,768x432,1.9968709999999987,2449,
2025-12-20T12:07:15.502Z,1.231,3,1500,768x432,1.9781000000000404,2449,
2025-12-20T12:07:16.250Z,0.941,3,1500,768x432,1.9373329999999669,2423,
2025-12-20T12:07:16.483Z,1.173,3,1500,768x432,2.0014620000000036,2423,
2025-12-20T12:07:17.243Z,0.885,3,1500,768x432,1.9503019999999651,2473,
2025-12-20T12:07:17.400Z,1.364,3,1500,768x432,1.9898279999999886,2473,
2025-12-20T12:07:18.126Z,1.072,3,1500,768x432,1.9604640000000018,2516,
2025-12-20T12:07:18.515Z,1.314,3,1500,768x432,1.968877999999961,2516,
2025-12-20T12:07:19.282Z,1.014,3,1500,768x432,2.019646000000023,2570,
2025-12-20T12:07:19.503Z,1.271,3,1500,768x432,1.9984900000000039,2614,
2025-12-20T12:07:20.261Z,0.962,3,1500,768x432,1.9347319999999968,2628,
2025-12-20T12:07:20.511Z,1.191,3,1500,768x432,1.9746889999999553,2653,
2025-12-20T12:07:21.256Z,0.899,3,1500,768x432,1.9354619999999727,2663,
2025-12-20T12:07:21.509Z,1.131,3,1500,768x432,1.9778780000000324,2676,
2025-12-20T12:07:22.254Z,1.084,3,1500,768x432,1.9433230000000208,2689,
2025-12-20T12:07:22.524Z,1.345,3,1500,768x432,1.9723170000000323,2700,
2025-12-20T12:07:23.282Z,1.03,3,1500,768x432,2.0207869999999843,2711,
2025-12-20T12:07:23.470Z,1.288,3,1500,768x432,1.9326639999999884,2720,
2025-12-20T12:07:24.222Z,0.964,3,1500,768x432,1.9734869999999773,2726,
2025-12-20T12:07:24.468Z,1.188,3,1500,768x432,1.9202720000000113,2726,
2025-12-20T12:07:25.217Z,0.895,3,1500,768x432,1.9780349999999771,2737,
2025-12-20T12:07:25.437Z,1.175,3,1500,768x432,1.9543959999999743,2737,
2025-12-20T12:07:26.205Z,1.089,3,1500,768x432,1.9853700000000458,2751,
2025-12-20T12:07:26.412Z,1.344,3,1500,768x432,1.9840699999999742,2751,
2025-12-20T12:07:27.172Z,1.03,3,1500,768x432,1.914572000000021,2762,
2025-12-20T12:07:27.445Z,1.271,3,1500,768x432,1.9474769999999921,2762,
2025-12-20T12:07:28.181Z,0.971,3,1500,768x432,2.0039579999999546,2734,
2025-12-20T12:07:28.425Z,1.204,3,1500,768x432,1.9567109999999843,2734,
2025-12-20T12:07:29.191Z,0.915,3,1500,768x432,2.0051540000000045,2713,
2025-12-20T12:07:29.594Z,1.14,3,1500,768x432,1.9901879999999892,2713,
2025-12-20T12:07:29.896Z,1.345,3,1500,768x432,1.985193000000038,2662,
2025-12-20T12:07:30.687Z,1.077,3,1500,768x432,1.9997589999999832,2668,
2025-12-20T12:07:30.954Z,1.261,3,1500,768x432,1.9268490000000043,2668,
2025-12-20T12:07:31.729Z,1.017,3,1500,768x432,1.9536489999999844,2660,
2025-12-20T12:07:32.047Z,1.185,3,1500,768x432,1.9337530000000243,2660,
2025-12-20T12:07:32.845Z,0.952,3,1500,768x432,1.9399400000000355,2635,
2025-12-20T12:07:33.161Z,1.092,3,1500,768x432,1.9291630000000168,2556,
2025-12-20T12:07:33.496Z,1.158,3,1500,768x432,1.9955640000000017,2556,
2025-12-20T12:07:34.304Z,0.869,3,1500,768x432,1.9900230000000079,2501,
2025-12-20T12:07:34.507Z,1.099,3,1500,768x432,1.981034999999963,2434,
2025-12-20T12:07:35.267Z,1.06,3,1500,768x432,1.9342910000000302,2425,
2025-12-20T12:07:35.567Z,1.044,3,1500,768x432,1.9303729999999746,2392,
2025-12-20T12:07:36.343Z,1.001,3,1500,768x432,1.9408220000000256,2366,
2025-12-20T12:07:36.735Z,0.952,3,1500,768x432,1.9435890000000313,2344,
2025-12-20T12:07:37.101Z,1.092,3,1500,768x432,1.9802540000000022,2344,
2025-12-20T12:07:37.444Z,1.175,3,1500,768x432,1.9380270000000337,2273,
2025-12-20T12:07:38.312Z,0.885,3,1500,768x432,1.9830729999999903,2283,
2025-12-20T12:07:38.663Z,1.114,3,1500,768x432,1.9209819999999809,2259,
2025-12-20T12:07:38.969Z,1.278,3,1500,768x432,1.9127650000000358,2259,
2025-12-20T12:07:40.071Z,0.78,3,1500,768x432,1.9154379999999946,2239,
2025-12-20T12:07:40.510Z,0.739,3,1500,768x432,1.9684570000000008,1996,
2025-12-20T12:07:40.919Z,0.708,3,1500,768x432,1.9678759999999897,1940,
2025-12-20T12:07:41.396Z,0.958,3,1500,768x432,1.9966699999999946,1867,
2025-12-20T12:07:42.017Z,0.648,3,1500,768x432,1.9613310000000297,1785,
2025-12-20T12:07:42.574Z,0.625,3,1500,768x432,1.9083899999999971,1698,
2025-12-20T12:07:43.161Z,0.588,2,1000,640x360,2.24536999999998,1675,
2025-12-20T12:07:43.504Z,0.512,2,1000,640x360,2.2068399999999997,1675,
2025-12-20T12:07:43.847Z,0.554,2,1000,640x360,2.083371999999997,1703,
2025-12-20T12:07:44.186Z,0.691,2,1000,640x360,2.1096259999999916,1711,
2025-12-20T12:07:44.512Z,0.856,2,1000,640x360,2.0666870000000017,1711,
2025-12-20T12:07:44.861Z,0.957,2,1000,640x360,1.9744609999999625,1826,
2025-12-20T12:07:45.212Z,1.093,2,1000,640x360,2.0043440000000032,1811,
2025-12-20T12:07:45.563Z,1.24,2,1000,640x360,1.941124000000002,1811,
2025-12-20T12:07:45.912Z,1.363,2,1000,640x360,1.9768609999999853,1806,
2025-12-20T12:07:46.261Z,1.509,2,1000,640x360,1.927816000000007,1937,
2025-12-20T12:07:46.618Z,1.652,2,1000,640x360,1.9758340000000203,1900,
2025-12-20T12:07:46.697Z,1.665,3,1500,768x432,1.9907099999999787,1900,
2025-12-20T12:07:47.207Z,1.574,3,1500,768x432,1.984470999999985,1900,
2025-12-20T12:07:47.719Z,1.573,3,1500,768x432,1.961685999999986,1936,
2025-12-20T12:07:48.238Z,1.566,3,1500,768x432,1.9679629999999975,1978,
2025-12-20T12:07:48.753Z,1.532,3,1500,768x432,1.9308369999999968,2006,
2025-12-20T12:07:49.261Z,1.526,3,1500,768x432,1.9217599999999493,2023,
2025-12-20T12:07:49.770Z,1.516,3,1500,768x432,1.915446999999972,2064,
2025-12-20T12:07:50.227Z,1.547,3,1500,768x432,1.9645549999999616,2094,
2025-12-20T12:07:50.517Z,1.757,3,1500,768x432,1.9667529999999829,2094,
2025-12-20T12:07:50.812Z,1.955,3,1500,768x432,1.970216999999991,2192,
2025-12-20T12:07:51.306Z,1.986,3,1500,768x432,1.9924710000000232,2200,
2025-12-20T12:07:51.807Z,1.968,3,1500,768x432,1.9742010000000505,2231,
2025-12-20T12:07:52.308Z,1.987,3,1500,768x432,1.984816999999964,2237,
2025-12-20T12:07:52.896Z,1.949,3,1500,768x432,1.9914020000000505,2248,
2025-12-20T12:07:53.331Z,1.93,3,1500,768x432,1.9515710000000013,2250,
2025-12-20T12:07:53.812Z,1.974,3,1500,768x432,1.9792249999999854,2262,
2025-12-20T12:07:54.350Z,1.993,3,1500,768x432,1.9342969999999013,2278,
2025-12-20T12:07:54.797Z,1.988,3,1500,768x432,1.9830729999999903,2291,
2025-12-20T12:07:55.300Z,1.987,3,1500,768x432,1.9850139999999783,2333,
2025-12-20T12:07:55.806Z,1.982,3,1500,768x432,1.9796330000000353,2364,
2025-12-20T12:07:56.301Z,1.974,3,1500,768x432,1.9954589999999826,2393,
2025-12-20T12:07:56.794Z,1.984,3,1500,768x432,1.9888300000000072,2418,
2025-12-20T12:07:57.301Z,2.004,3,1500,768x432,1.9994550000000118,2447,
2025-12-20T12:07:57.804Z,1.986,3,1500,768x432,1.9964279999999235,2470,
2025-12-20T12:07:58.302Z,1.997,3,1500,768x432,1.9881250000000819,2499,
2025-12-20T12:07:58.804Z,1.958,3,1500,768x432,1.9783550000000787,2524,
2025-12-20T12:07:59.300Z,1.989,3,1500,768x432,1.992533000000094,2551,
2025-12-20T12:07:59.801Z,1.981,3,1500,768x432,1.990267000000017,2568,
2025-12-20T12:08:00.300Z,1.985,3,1500,768x432,2.0002019999999447,2596,
2025-12-20T12:08:00.804Z,1.987,3,1500,768x432,1.9788120000000617,2626,
2025-12-20T12:08:01.309Z,1.961,3,1500,768x432,2.0042219999999134,2633,
2025-12-20T12:08:01.798Z,1.968,3,1500,768x432,1.9969270000000279,2658,
2025-12-20T12:08:02.295Z,1.99,3,1500,768x432,1.9945360000000392,2706,
2025-12-20T12:08:02.826Z,1.966,3,1500,768x432,1.9576309999999921,2711,
2025-12-20T12:08:03.300Z,1.982,3,1500,768x432,1.987496999999962,2733,
2025-12-20T12:08:03.801Z,1.98,3,1500,768x432,1.989137000000028,2753,
2025-12-20T12:08:04.303Z,2.001,3,1500,768x432,1.99502700000005,2783,
2025-12-20T12:08:04.799Z,1.962,3,1500,768x432,1.9914949999999862,2798,
2025-12-20T12:08:05.294Z,1.997,3,1500,768x432,1.999744000000078,2819,
2025-12-20T12:08:05.792Z,1.995,3,1500,768x432,1.9941370000000234,2836,
2025-12-20T12:08:06.293Z,1.991,3,1500,768x432,1.990470000000073,2851,
2025-12-20T12:08:06.800Z,1.986,3,1500,768x432,1.9826719999999796,2868,
2025-12-20T12:08:07.301Z,1.983,3,1500,768x432,1.9793720000000121,2894,
2025-12-20T12:08:07.810Z,1.941,3,1500,768x432,1.9821759999999813,2911,
2025-12-20T12:08:08.325Z,1.968,3,1500,768x432,1.9642460000000028,2925,
2025-12-20T12:08:08.845Z,1.935,3,1500,768x432,1.9388249999999516,2890,
2025-12-20T12:08:09.314Z,1.953,3,1500,768x432,1.977284999999938,2871,
2025-12-20T12:08:09.798Z,1.987,3,1500,768x432,1.9836409999999205,2876,
2025-12-20T12:08:10.310Z,1.988,3,1500,768x432,2.000526000000036,2870,
2025-12-20T12:08:10.836Z,1.956,3,1500,768x432,1.9546060000000125,2843,
2025-12-20T12:08:11.341Z,1.957,3,1500,768x432,1.9454629999999042,2840,
2025-12-20T12:08:11.801Z,1.961,3,1500,768x432,1.9892879999999877,2819,
2025-12-20T12:08:12.305Z,1.982,3,1500,768x432,1.9840869999999313,2822,
2025-12-20T12:08:12.810Z,1.971,3,1500,768x432,1.9743550000000596,2816,
2025-12-20T12:08:13.317Z,1.972,3,1500,768x432,1.9715550000000803,2813,
2025-12-20T12:08:13.805Z,1.98,3,1500,768x432,1.9762180000000171,2803,
2025-12-20T12:08:14.306Z,1.975,3,1500,768x432,1.9709879999999202,2829,
2025-12-20T12:08:14.803Z,1.978,3,1500,768x432,1.977512000000047,2827,
2025-12-20T12:08:15.317Z,1.974,3,1500,768x432,1.9672630000000026,2832,
2025-12-20T12:08:15.811Z,1.976,3,1500,768x432,1.968994000000066,2835,
2025-12-20T12:08:16.310Z,1.982,3,1500,768x432,1.9863980000000083,2837,
2025-12-20T12:08:16.799Z,1.966,3,1500,768x432,1.989402000000041,2863,
2025-12-20T12:08:17.305Z,1.98,3,1500,768x432,1.9860350000000153,2875,
2025-12-20T12:08:17.813Z,1.979,3,1500,768x432,1.9719220000000632,2886,
2025-12-20T12:08:18.298Z,1.992,3,1500,768x432,1.9958110000000033,2892,
2025-12-20T12:08:18.806Z,1.983,3,1500,768x432,1.98127199999999,2905,
2025-12-20T12:08:19.301Z,1.985,3,1500,768x432,1.9806999999999562,2918,
2025-12-20T12:08:19.800Z,1.987,3,1500,768x432,1.9899169999999913,2949,
2025-12-20T12:08:20.299Z,1.998,3,1500,768x432,1.9975809999999683,2958,
2025-12-20T12:08:20.802Z,1.975,3,1500,768x432,1.9785459999999375,2979,
2025-12-20T12:08:21.300Z,1.989,3,1500,768x432,1.9823959999999943,2991,
2025-12-20T12:08:21.800Z,1.96,3,1500,768x432,1.9805410000000165,3001,
2025-12-20T12:08:22.299Z,1.997,3,1500,768x432,1.9938190000000304,3016,
2025-12-20T12:08:22.797Z,1.988,3,1500,768x432,1.986268999999993,3028,
2025-12-20T12:08:23.297Z,1.985,3,1500,768x432,1.9846670000000586,3041,
2025-12-20T12:08:23.794Z,1.987,3,1500,768x432,1.9835959999999204,3051,
2025-12-20T12:08:24.301Z,2,3,1500,768x432,1.994735999999989,3055,
2025-12-20T12:08:24.798Z,1.989,3,1500,768x432,1.983504000000039,3071,
2025-12-20T12:08:25.300Z,1.989,3,1500,768x432,1.990368999999987,3072,
2025-12-20T12:08:25.795Z,1.975,3,1500,768x432,1.9887359999999035,3082,
2025-12-20T12:08:26.297Z,1.997,3,1500,768x432,1.9992069999999558,3089,
2025-12-20T12:08:26.857Z,1.938,3,1500,768x432,1.9291090000000395,3099,
2025-12-20T12:08:27.295Z,1.98,3,1500,768x432,1.9854060000000118,3113,
2025-12-20T12:08:27.799Z,1.988,3,1500,768x432,1.9852470000000721,3123,
2025-12-20T12:08:28.293Z,1.992,3,1500,768x432,1.9956640000000334,3128,
2025-12-20T12:08:28.800Z,1.989,3,1500,768x432,1.98098600000003,3138,
2025-12-20T12:08:29.305Z,1.985,3,1500,768x432,1.9881250000000819,3150,
2025-12-20T12:08:29.801Z,1.987,3,1500,768x432,1.988982999999962,3155,
2025-12-20T12:08:30.303Z,1.967,3,1500,768x432,1.9946140000000696,3163,
2025-12-20T12:08:30.801Z,1.983,3,1500,768x432,1.978717999999958,3170,
2025-12-20T12:08:31.298Z,1.982,3,1500,768x432,1.98753099999999,3166,
2025-12-20T12:08:31.805Z,1.955,3,1500,768x432,1.9868529999999964,3161,
2025-12-20T12:08:32.298Z,1.992,3,1500,768x432,1.9940399999999272,3161,
2025-12-20T12:08:32.794Z,1.992,3,1500,768x432,1.9900279999999384,3160,
2025-12-20T12:08:33.303Z,1.98,3,1500,768x432,1.9807440000000724,3156,
2025-12-20T12:08:33.801Z,1.984,3,1500,768x432,1.9824019999999791,3164,
2025-12-20T12:08:34.303Z,1.974,3,1500,768x432,1.9849120000000084,3170,
2025-12-20T12:08:34.797Z,1.99,3,1500,768x432,1.984888000000069,3169,
2025-12-20T12:08:35.304Z,2.003,3,1500,768x432,1.98943799999995,3176,
2025-12-20T12:08:35.797Z,1.992,3,1500,768x432,1.9947680000000219,3168,
2025-12-20T12:08:36.302Z,1.99,3,1500,768x432,1.9906760000000077,3168,
2025-12-20T12:08:36.793Z,1.986,3,1500,768x432,1.987175000000093,3131,
2025-12-20T12:08:37.297Z,1.994,3,1500,768x432,1.992217000000096,3071,
2025-12-20T12:08:37.796Z,1.971,3,1500,768x432,1.9856300000000147,3016,
2025-12-20T12:08:38.299Z,1.994,3,1500,768x432,1.9886940000000095,2949,
2025-12-20T12:08:38.798Z,1.963,3,1500,768x432,1.985636999999997,2855,
2025-12-20T12:08:39.301Z,1.994,3,1500,768x432,1.994077999999945,2852,
2025-12-20T12:08:39.798Z,1.988,3,1500,768x432,1.9901650000000473,2739,
2025-12-20T12:08:40.304Z,1.985,3,1500,768x432,1.9810350000000199,2729,
2025-12-20T12:08:40.803Z,1.983,3,1500,768x432,1.9799639999999954,2720,
2025-12-20T12:08:41.304Z,1.994,3,1500,768x432,1.9819059999999808,2709,
2025-12-20T12:08:41.802Z,1.972,3,1500,768x432,1.977963999999929,2671,
2025-12-20T12:08:42.297Z,1.986,3,1500,768x432,1.9911620000000312,2634,
2025-12-20T12:08:42.803Z,1.98,3,1500,768x432,1.9823030000000017,2671,
2025-12-20T12:08:43.298Z,1.996,3,1500,768x432,1.9957350000000815,2600,
2025-12-20T12:08:43.800Z,1.984,3,1500,768x432,1.9829610000000457,2616,
2025-12-20T12:08:44.296Z,1.979,3,1500,768x432,1.983436000000097,2590,
2025-12-20T12:08:44.808Z,1.986,3,1500,768x432,1.974807999999939,2541,
2025-12-20T12:08:45.304Z,1.998,3,1500,768x432,1.981127000000015,2522,
2025-12-20T12:08:45.797Z,1.988,3,1500,768x432,1.9855209999999488,2591,
2025-12-20T12:08:46.298Z,1.984,3,1500,768x432,1.988416999999913,2626,
2025-12-20T12:08:46.795Z,1.984,3,1500,768x432,1.9838270000000193,2643,
2025-12-20T12:08:47.295Z,1.974,3,1500,768x432,1.998913000000016,2641,
2025-12-20T12:08:47.799Z,1.987,3,1500,768x432,1.9908619999999928,2661,
2025-12-20T12:08:48.295Z,1.991,3,1500,768x432,1.9816209999999046,2694,
2025-12-20T12:08:48.800Z,1.985,3,1500,768x432,1.9835560000000214,2717,
2025-12-20T12:08:49.308Z,1.983,3,1500,768x432,1.9817560000000185,2740,
2025-12-20T12:08:49.795Z,1.989,3,1500,768x432,1.99010300000009,2781,
2025-12-20T12:08:50.291Z,1.995,3,1500,768x432,1.9993110000000343,2820,
2025-12-20T12:08:50.800Z,1.977,3,1500,768x432,1.9814910000000054,2835,
2025-12-20T12:08:51.302Z,1.981,3,1500,768x432,1.9885699999999815,2860,
2025-12-20T12:08:51.796Z,1.963,3,1500,768x432,1.9894820000000664,2857,
2025-12-20T12:08:52.293Z,1.997,3,1500,768x432,1.9999950000000126,2880,
2025-12-20T12:08:52.796Z,1.992,3,1500,768x432,1.9927569999999832,2880,
2025-12-20T12:08:53.303Z,1.965,3,1500,768x432,1.9854219999999714,2894,
2025-12-20T12:08:53.795Z,1.988,3,1500,768x432,1.9896280000000388,2914,
2025-12-20T12:08:54.295Z,1.997,3,1500,768x432,1.995804000000021,2939,
2025-12-20T12:08:54.795Z,1.99,3,1500,768x432,1.9871360000000777,2960,
2025-12-20T12:08:55.295Z,1.985,3,1500,768x432,1.98733500000003,2964,
2025-12-20T12:08:55.800Z,1.96,3,1500,768x432,1.989080999999942,2969,
2025-12-20T12:08:56.297Z,1.988,3,1500,768x432,1.9966339999999718,2975,
2025-12-20T12:08:56.799Z,1.989,3,1500,768x432,1.9908149999999978,3007,
2025-12-20T12:08:57.301Z,1.98,3,1500,768x432,1.9803470000000516,3034,
2025-12-20T12:08:57.806Z,1.981,3,1500,768x432,1.9856310000000121,3049,
2025-12-20T12:08:58.296Z,1.992,3,1500,768x432,1.9955660000000535,3058,
2025-12-20T12:08:58.792Z,1.991,3,1500,768x432,1.9889850000000706,3069,
2025-12-20T12:08:59.297Z,2.004,3,1500,768x432,2.0017179999999826,3082,
2025-12-20T12:08:59.795Z,1.983,3,1500,768x432,1.9890589999999975,3088,
2025-12-20T12:09:00.295Z,1.99,3,1500,768x432,1.9906970000000683,3101,
2025-12-20T12:09:00.798Z,1.985,3,1500,768x432,1.9887099999999691,3110,
2025-12-20T12:09:01.297Z,1.986,3,1500,768x432,1.9896099999999706,3123,
2025-12-20T12:09:01.801Z,1.958,3,1500,768x432,1.987875000000031,3156,
2025-12-20T12:09:02.299Z,1.983,3,1500,768x432,1.9931850000000395,3149,
2025-12-20T12:09:02.802Z,1.983,3,1500,768x432,1.9821259999999938,3162,
2025-12-20T12:09:03.298Z,2,3,1500,768x432,1.993015000000014,3166,
2025-12-20T12:09:03.804Z,1.991,3,1500,768x432,1.9794380000000729,3173,
2025-12-20T12:09:04.355Z,2.001,3,1500,768x432,1.9422389999999723,3177,
2025-12-20T12:09:04.798Z,1.994,3,1500,768x432,1.9953110000000152,3176,
2025-12-20T12:09:05.305Z,1.991,3,1500,768x432,1.988644000000022,3182,
2025-12-20T12:09:05.803Z,1.989,3,1500,768x432,1.9817139999998972,3186,
2025-12-20T12:09:06.306Z,1.992,3,1500,768x432,1.9842650000000503,3187,
2025-12-20T12:09:06.793Z,2,3,1500,768x432,1.9906609999999318,3188,
2025-12-20T12:09:07.300Z,1.997,3,1500,768x432,1.9996429999999918,3185,
2025-12-20T12:09:07.803Z,1.99,3,1500,768x432,1.9888690000000224,3186,
2025-12-20T12:09:08.302Z,1.994,3,1500,768x432,2.0023629999999457,3189,
2025-12-20T12:09:08.800Z,1.988,3,1500,768x432,1.9853360000000748,3194,
2025-12-20T12:09:09.383Z,1.892,3,1500,768x432,1.9993519999999307,3194,
2025-12-20T12:09:09.804Z,1.969,3,1500,768x432,1.975430000000074,3199,
2025-12-20T12:09:10.300Z,1.989,3,1500,768x432,1.9818019999999024,3203,
2025-12-20T12:09:10.794Z,1.986,3,1500,768x432,1.9880769999999757,3205,
2025-12-20T12:09:11.297Z,1.995,3,1500,768x432,1.990378000000078,3212,
2025-12-20T12:09:11.790Z,1.996,3,1500,768x432,2.0027750000000424,3213,
2025-12-20T12:09:12.292Z,2.005,3,1500,768x432,2.005247000000054,3211,
2025-12-20T12:09:12.803Z,1.97,3,1500,768x432,1.9832000000000107,3224,
2025-12-20T12:09:13.293Z,1.992,3,1500,768x432,1.9928750000000264,3224,
2025-12-20T12:09:13.801Z,1.991,3,1500,768x432,1.9857899999999518,3233,
2025-12-20T12:09:14.286Z,1.989,3,1500,768x432,2.0011349999999766,3233,
2025-12-20T12:09:14.801Z,1.988,3,1500,768x432,1.98896400000001,3224,
2025-12-20T12:09:15.295Z,2,3,1500,768x432,1.991092999999978,3225,
2025-12-20T12:09:15.803Z,1.979,3,1500,768x432,1.9837539999999763,3222,
2025-12-20T12:09:16.301Z,2.005,3,1500,768x432,2.0053649999999834,3235,
2025-12-20T12:09:16.796Z,1.968,3,1500,768x432,1.9945470000000114,3242,
2025-12-20T12:09:17.296Z,1.99,3,1500,768x432,1.9876919999999245,3232,
2025-12-20T12:09:17.795Z,1.988,3,1500,768x432,1.9875640000000203,3238,
2025-12-20T12:09:18.300Z,1.99,3,1500,768x432,1.98251300000004,3229,
2025-12-20T12:09:18.801Z,1.991,3,1500,768x432,1.9795619999999872,3233,
2025-12-20T12:09:19.311Z,1.979,3,1500,768x432,1.9743649999999207,3241,
2025-12-20T12:09:19.800Z,1.993,3,1500,768x432,1.9905259999999316,3237,
2025-12-20T12:09:20.301Z,2.002,3,1500,768x432,1.9987200000000485,3245,
2025-12-20T12:09:20.793Z,1.973,3,1500,768x432,1.9913770000000568,3249,
2025-12-20T12:09:21.290Z,1.993,3,1500,768x432,1.9896870000000035,3257,
2025-12-20T12:09:21.793Z,1.969,3,1500,768x432,1.9842729999999165,3250,
2025-12-20T12:09:22.302Z,1.99,3,1500,768x432,1.9877010000000155,3253,
2025-12-20T12:09:22.797Z,1.995,3,1500,768x432,1.9872340000000577,3261,
2025-12-20T12:09:23.295Z,1.993,3,1500,768x432,1.9892540000000736,3265,
2025-12-20T12:09:23.800Z,1.991,3,1500,768x432,1.9848540000000412,3267,
2025-12-20T12:09:24.295Z,2.002,3,1500,768x432,1.9967830000000504,3266,
2025-12-20T12:09:24.793Z,1.992,3,1500,768x432,1.9908149999999978,3263,
2025-12-20T12:09:25.291Z,2.005,3,1500,768x432,2.009402000000023,3253,
2025-12-20T12:09:25.794Z,1.97,3,1500,768x432,1.996477999999911,3248,
2025-12-20T12:09:26.294Z,1.994,3,1500,768x432,1.9950509999999895,3244,
2025-12-20T12:09:26.791Z,1.992,3,1500,768x432,1.9906730000000152,3234,
2025-12-20T12:09:27.292Z,1.996,3,1500,768x432,1.9915070000000696,3245,
2025-12-20T12:09:27.799Z,1.992,3,1500,768x432,1.9817250000000968,3236,
2025-12-20T12:09:28.291Z,2.005,3,1500,768x432,2.000344000000041,3235,
2025-12-20T12:09:28.791Z,1.995,3,1500,768x432,1.9936219999999594,3238,
2025-12-20T12:09:29.295Z,1.989,3,1500,768x432,2.0026619999999866,3237,
2025-12-20T12:09:29.798Z,1.979,3,1500,768x432,1.9970289999999977,3238,
2025-12-20T12:09:30.290Z,1.994,3,1500,768x432,1.9882939999999962,3235,
2025-12-20T12:09:30.802Z,1.975,3,1500,768x432,1.988285000000019,3170,
2025-12-20T12:09:31.315Z,2,3,1500,768x432,1.9761059999999588,3106,
2025-12-20T12:09:31.816Z,1.959,3,1500,768x432,1.9733560000000807,3052,
2025-12-20T12:09:32.288Z,1.999,3,1500,768x432,1.9983649999999216,2931,
2025-12-20T12:09:32.837Z,1.975,3,1500,768x432,1.9446360000000595,2862,
2025-12-20T12:09:33.288Z,2.01,3,1500,768x432,2.0060869999999795,2825,
2025-12-20T12:09:33.794Z,1.969,3,1500,768x432,1.9896159999999554,2800,
2025-12-20T12:09:34.290Z,1.997,3,1500,768x432,1.9948030000000472,2663,
2025-12-20T12:09:34.841Z,1.999,3,1500,768x432,1.944778000000042,2637,
2025-12-20T12:09:35.322Z,1.992,3,1500,768x432,1.9609440000000404,2598,
2025-12-20T12:09:35.822Z,1.99,3,1500,768x432,1.9589100000000599,2522,
2025-12-20T12:09:36.321Z,2.001,3,1500,768x432,1.9784199999999146,2511,
2025-12-20T12:09:36.816Z,1.996,3,1500,768x432,1.9763749999999618,2428,
2025-12-20T12:09:37.313Z,2.014,3,1500,768x432,1.9881639999999834,2425,
2025-12-20T12:09:37.841Z,1.973,3,1500,768x432,1.9407739999999194,2452,
2025-12-20T12:09:38.295Z,1.985,3,1500,768x432,1.991948000000093,2334,
2025-12-20T12:09:38.822Z,1.989,3,1500,768x432,1.9590870000000677,2449,
2025-12-20T12:09:39.374Z,1.918,3,1500,768x432,1.9105410000000802,2150,
2025-12-20T12:09:39.816Z,1.988,3,1500,768x432,1.9757399999999734,2288,
2025-12-20T12:09:40.299Z,1.99,3,1500,768x432,1.9924939999999651,2349,
2025-12-20T12:09:40.790Z,1.993,3,1500,768x432,1.9896659999999429,2433,
2025-12-20T12:09:41.293Z,2.005,3,1500,768x432,2.0022599999999784,2518,
2025-12-20T12:09:41.795Z,1.967,3,1500,768x432,1.9940430000000333,2565,
2025-12-20T12:09:42.295Z,1.959,3,1500,768x432,1.9927829999999176,2621,
2025-12-20T12:09:42.801Z,1.988,3,1500,768x432,1.990758000000028,2694,
2025-12-20T12:09:43.293Z,1.991,3,1500,768x432,1.9884989999999334,2755,
2025-12-20T12:09:43.797Z,1.984,3,1500,768x432,1.9886020000000144,2784,
2025-12-20T12:09:44.312Z,1.958,3,1500,768x432,1.9734859999999799,2779,
2025-12-20T12:09:44.792Z,1.99,3,1500,768x432,1.9911049999999477,2793,
2025-12-20T12:09:45.361Z,1.891,3,1500,768x432,1.931149000000005,2833,
2025-12-20T12:09:46.746Z,1.037,3,1500,768x432,1.9412710000000288,2935,
2025-12-20T12:09:47.131Z,1.151,3,1500,768x432,1.960414999999898,2938,
2025-12-20T12:09:47.549Z,1.246,3,1500,768x432,1.9400460000000521,2990,
2025-12-20T12:09:47.932Z,1.332,3,1500,768x432,1.9532109999998966,3060,
2025-12-20T12:09:48.320Z,1.466,3,1500,768x432,1.9615729999999303,3048,
2025-12-20T12:09:48.700Z,1.582,3,1500,768x432,1.9904280000000654,3094,
2025-12-20T12:09:49.095Z,1.686,3,1500,768x432,1.9898849999999584,3094,
2025-12-20T12:09:49.480Z,1.793,3,1500,768x432,2.0048060000000305,3113,
2025-12-20T12:09:49.860Z,1.917,3,1500,768x432,1.932266000000027,3123,
2025-12-20T12:09:50.295Z,2.002,3,1500,768x432,2.004615000000058,3160,
2025-12-20T12:09:50.795Z,1.968,3,1500,768x432,1.990951999999993,3156,
2025-12-20T12:09:51.302Z,1.997,3,1500,768x432,1.9940599999999904,3176,
2025-12-20T12:09:51.792Z,1.968,3,1500,768x432,1.9908339999999498,3179,
2025-12-20T12:09:52.294Z,1.995,3,1500,768x432,1.990336999999954,3192,
2025-12-20T12:09:52.796Z,1.994,3,1500,768x432,1.987844999999993,3211,
2025-12-20T12:09:53.299Z,2,3,1500,768x432,1.9933010000000877,3223,
2025-12-20T12:09:53.794Z,1.996,3,1500,768x432,1.9914019999999937,3235,
2025-12-20T12:09:54.292Z,1.991,3,1500,768x432,1.9877380000000358,3236,
2025-12-20T12:09:54.699Z,2.105,3,1500,768x432,1.9880149999999048,3253,
2025-12-20T12:09:55.748Z,1.23,3,1500,768x432,1.9536709999999857,3257,
2025-12-20T12:09:56.631Z,0.253,3,1500,768x432,1.955094000000031,2306,rebuffer happen
2025-12-20T12:09:56.862Z,0.022,3,1500,768x432,1.9277799999999843,2306,rebuffer happen
2025-12-20T12:09:57.831Z,0.022,3,1500,768x432,2.9187799999999697,2306,