timestamp,bufferLevel,qualityIndex,bitrateKbps,resolution,liveLatency,predictedKbps,rebuffer
2025-12-10T08:46:24.251Z,0,2,1000,640x360,1.102,,
2025-12-10T08:46:24.255Z,0,2,1000,640x360,1.102,,rebuffer happen
2025-12-10T08:46:24.507Z,0,2,1000,640x360,1.395,,
2025-12-10T08:46:24.633Z,0.5,1,600,480x270,1.492,1220,
2025-12-10T08:46:24.823Z,0.366,1,600,480x270,1.533703,1220,
2025-12-10T08:46:25.095Z,0.698,1,600,480x270,1.6602839999999999,1204,
2025-12-10T08:46:25.405Z,1.016,1,600,480x270,1.74369,1123,
2025-12-10T08:46:26.019Z,1.076,1,600,480x270,1.8344360000000002,957,
2025-12-10T08:46:26.595Z,1.114,1,600,480x270,1.917723,998,
2025-12-10T08:46:26.680Z,1.376,1,600,480x270,1.9409129999999999,1040,
2025-12-10T08:46:27.427Z,1.365,1,600,480x270,1.9258489999999995,1122,
2025-12-10T08:46:28.084Z,1.093,1,600,480x270,1.9753750000000005,1304,
2025-12-10T08:46:28.251Z,1.328,1,600,480x270,1.908255,1383,
2025-12-10T08:46:28.320Z,1.811,2,1000,640x360,1.939536,1469,
2025-12-10T08:46:28.426Z,1.743,2,1000,640x360,1.9360819999999999,1469,
2025-12-10T08:46:28.783Z,1.306,2,1000,640x360,1.9873680000000005,1538,
2025-12-10T08:46:28.950Z,1.163,2,1000,640x360,1.9122940000000002,1643,
2025-12-10T08:46:29.160Z,1.036,2,1000,640x360,2.0027310000000007,1724,
2025-12-10T08:46:29.335Z,0.766,2,1000,640x360,1.9217659999999999,1796,
2025-12-10T08:46:29.511Z,1.227,2,1000,640x360,1.9606270000000006,1855,
2025-12-10T08:46:30.190Z,0.975,2,1000,640x360,1.971184,1937,
2025-12-10T08:46:30.369Z,1.203,2,1000,640x360,1.9935640000000001,1971,
2025-12-10T08:46:31.067Z,1.171,2,1000,640x360,1.9927660000000005,2027,
2025-12-10T08:46:31.217Z,1.4,2,1000,640x360,1.9376940000000005,2052,
2025-12-10T08:46:31.879Z,1.369,2,1000,640x360,1.9826699999999997,2104,
2025-12-10T08:46:32.529Z,1.085,2,1000,640x360,1.9396259999999996,2152,
2025-12-10T08:46:33.192Z,1.046,2,1000,640x360,1.964862,2194,
2025-12-10T08:46:33.353Z,1.28,2,1000,640x360,1.901610999999999,2216,
2025-12-10T08:46:33.423Z,1.708,3,1500,768x432,1.9455039999999997,2240,
2025-12-10T08:46:33.658Z,1.449,3,1500,768x432,2.011484000000001,2240,
2025-12-10T08:46:33.886Z,1.256,3,1500,768x432,1.9809780000000003,2267,
2025-12-10T08:46:34.118Z,0.99,3,1500,768x432,1.9451419999999988,2296,
2025-12-10T08:46:34.352Z,0.719,3,1500,768x432,1.9049260000000015,2323,
2025-12-10T08:46:34.585Z,0.71,3,1500,768x432,1.993784999999999,2350,
2025-12-10T08:46:34.823Z,0.881,3,1500,768x432,1.9540749999999996,2374,
2025-12-10T08:46:35.058Z,1.203,3,1500,768x432,2.0104419999999994,2397,
2025-12-10T08:46:35.785Z,0.895,3,1500,768x432,1.9767340000000004,2430,
2025-12-10T08:46:36.002Z,1.126,3,1500,768x432,1.956899,2451,
2025-12-10T08:46:36.727Z,1.101,3,1500,768x432,1.9350079999999998,2490,
2025-12-10T08:46:36.940Z,1.207,3,1500,768x432,1.922841,2508,
2025-12-10T08:46:37.728Z,1.045,3,1500,768x432,1.9384420000000002,2540,
2025-12-10T08:46:38.011Z,1.113,3,1500,768x432,1.9508910000000004,2544,
2025-12-10T08:46:38.772Z,0.984,3,1500,768x432,1.999550000000001,2541,
2025-12-10T08:46:39.061Z,1.04,3,1500,768x432,2.003679,2537,
2025-12-10T08:46:39.869Z,0.902,3,1500,768x432,1.9907800000000009,2739,
2025-12-10T08:46:40.204Z,0.876,3,1500,768x432,1.951178999999998,2739,
2025-12-10T08:46:40.455Z,1.117,3,1500,768x432,1.9125239999999994,2689,
2025-12-10T08:46:41.235Z,1.081,3,1500,768x432,1.924519,2701,
2025-12-10T08:46:41.512Z,1.31,3,1500,768x432,1.9590829999999997,2680,
2025-12-10T08:46:42.294Z,1.02,3,1500,768x432,1.9662559999999978,2678,
2025-12-10T08:46:42.575Z,1.217,3,1500,768x432,2.002714000000001,2678,
2025-12-10T08:46:42.854Z,1.233,3,1500,768x432,1.922301000000001,2646,
2025-12-10T08:46:43.640Z,1.185,3,1500,768x432,1.9457039999999992,2645,
2025-12-10T08:46:43.886Z,1.282,3,1500,768x432,1.9881260000000012,2633,
2025-12-10T08:46:44.567Z,1.135,3,1500,768x432,2.002613,2652,
2025-12-10T08:46:44.780Z,1.368,3,1500,768x432,1.9868060000000014,2659,
2025-12-10T08:46:45.537Z,1.068,3,1500,768x432,1.9349190000000007,2662,
2025-12-10T08:46:46.298Z,0.765,3,1500,768x432,1.9603730000000006,2666,
2025-12-10T08:46:46.541Z,1.171,3,1500,768x432,1.9217849999999999,2666,
2025-12-10T08:46:47.300Z,0.969,3,1500,768x432,1.9562120000000007,2676,
2025-12-10T08:46:47.552Z,1.104,3,1500,768x432,1.9137330000000006,2676,
2025-12-10T08:46:48.380Z,0.904,3,1500,768x432,1.9762149999999998,2684,
2025-12-10T08:46:48.729Z,0.876,3,1500,768x432,1.9304319999999997,2684,
2025-12-10T08:46:48.978Z,1.109,3,1500,768x432,1.980087000000001,2702,
2025-12-10T08:46:49.986Z,0.819,3,1500,768x432,1.982727999999998,2699,
2025-12-10T08:46:50.520Z,0.716,3,1500,768x432,1.9625890000000012,2342,
2025-12-10T08:46:50.590Z,1.019,2,1000,640x360,1.9900599999999997,2264,
2025-12-10T08:46:50.962Z,0.762,2,1000,640x360,2.008673999999999,2264,
2025-12-10T08:46:51.848Z,0.465,2,1000,640x360,1.9346440000000023,2264,
2025-12-10T08:46:52.345Z,0.411,2,1000,640x360,1.9236210000000007,1858,
2025-12-10T08:46:52.785Z,0.392,2,1000,640x360,1.9816210000000005,1611,
2025-12-10T08:46:53.224Z,0.358,2,1000,640x360,1.9350950000000005,1572,
2025-12-10T08:46:53.662Z,0.602,2,1000,640x360,2.0010629999999985,1491,
2025-12-10T08:46:53.732Z,0.907,1,600,480x270,1.9305869999999992,1435,
2025-12-10T08:46:54.002Z,0.565,1,600,480x270,1.9692740000000022,1435,
2025-12-10T08:46:54.278Z,0.786,1,600,480x270,1.9786450000000002,1435,
2025-12-10T08:46:54.560Z,1.047,1,600,480x270,2.015197999999998,1364,
2025-12-10T08:46:55.342Z,0.73,1,600,480x270,1.9174320000000016,1361,
2025-12-10T08:46:55.618Z,0.969,1,600,480x270,1.9407900000000033,1361,
2025-12-10T08:46:55.892Z,1.204,1,600,480x270,1.9703000000000017,1282,
2025-12-10T08:46:56.691Z,0.904,1,600,480x270,1.9661590000000047,1278,
2025-12-10T08:46:56.969Z,1.14,1,600,480x270,2.0008519999999983,1251,
2025-12-10T08:46:57.763Z,0.847,1,600,480x270,2.0044990000000027,1232,
2025-12-10T08:46:58.050Z,1.08,1,600,480x270,1.918444000000001,1219,
2025-12-10T08:46:58.832Z,0.783,1,600,480x270,1.939789999999995,1203,
2025-12-10T08:46:59.112Z,0.997,1,600,480x270,1.9503979999999999,1203,
2025-12-10T08:46:59.387Z,1.238,1,600,480x270,1.9701400000000007,1158,
2025-12-10T08:47:00.156Z,0.943,1,600,480x270,1.9999929999999964,1159,
2025-12-10T08:47:00.463Z,1.183,1,600,480x270,2.0010720000000006,1149,
2025-12-10T08:47:01.248Z,0.887,1,600,480x270,1.9198959999999943,1129,
2025-12-10T08:47:01.540Z,1.124,1,600,480x270,1.9289580000000015,1127,
2025-12-10T08:47:02.325Z,0.817,1,600,480x270,1.934427999999997,1116,
2025-12-10T08:47:02.593Z,1.061,1,600,480x270,1.9629779999999997,1116,
2025-12-10T08:47:02.882Z,1.294,1,600,480x270,1.9752490000000051,1094,
2025-12-10T08:47:03.619Z,1.009,1,600,480x270,1.956240000000001,1087,
2025-12-10T08:47:03.802Z,1.461,1,600,480x270,1.9746350000000064,1117,
2025-12-10T08:47:04.474Z,1.191,1,600,480x270,1.9806390000000036,1124,
2025-12-10T08:47:05.145Z,1.159,1,600,480x270,1.9174360000000021,1163,
2025-12-10T08:47:05.319Z,1.245,1,600,480x270,1.9455609999999979,1192,
2025-12-10T08:47:05.989Z,1.11,1,600,480x270,1.971502000000001,1219,
2025-12-10T08:47:06.657Z,1.076,1,600,480x270,2.0080659999999995,1247,
2025-12-10T08:47:06.823Z,1.296,1,600,480x270,1.945291999999995,1275,
2025-12-10T08:47:07.496Z,1.269,1,600,480x270,1.978640999999996,1299,
2025-12-10T08:47:08.175Z,0.988,1,600,480x270,1.987912999999999,1314,
2025-12-10T08:47:08.345Z,1.218,1,600,480x270,1.9108189999999965,1314,
2025-12-10T08:47:09.015Z,1.201,1,600,480x270,1.9598370000000003,1379,
2025-12-10T08:47:09.684Z,0.889,1,600,480x270,1.9749070000000017,1383,
2025-12-10T08:47:09.849Z,1.338,1,600,480x270,1.9101989999999986,1383,
2025-12-10T08:47:10.525Z,1.101,1,600,480x270,1.9482029999999995,1445,
2025-12-10T08:47:11.200Z,1.05,1,600,480x270,1.9572920000000025,1445,
2025-12-10T08:47:11.383Z,1.292,1,600,480x270,1.976928000000001,1445,
2025-12-10T08:47:12.010Z,1.264,1,600,480x270,1.9574989999999985,1504,
2025-12-10T08:47:12.599Z,1.235,2,1000,640x360,1.9794370000000043,1514,
2025-12-10T08:47:12.802Z,0.901,2,1000,640x360,1.9725370000000026,1514,
2025-12-10T08:47:12.882Z,0.708,1,600,480x270,2.0029190000000057,1514,
2025-12-10T08:47:13.040Z,0.695,1,600,480x270,1.926402000000003,1514,
2025-12-10T08:47:13.163Z,0.439,1,600,480x270,2.002359999999996,1625,
2025-12-10T08:47:13.241Z,0.406,2,1000,640x360,1.9223049999999944,1625,
2025-12-10T08:47:13.395Z,0.172,2,1000,640x360,1.9637360000000044,1625,rebuffer happen
2025-12-10T08:47:13.444Z,0.153,2,1000,640x360,1.9143620000000041,1625,
2025-12-10T08:47:13.543Z,0.024,2,1000,640x360,1.919156000000001,1625,rebuffer happen
2025-12-10T08:47:13.651Z,0.024,2,1000,640x360,2.0191559999999953,1625,
2025-12-10T08:47:13.849Z,0.387,2,1000,640x360,2.0294960000000017,1647,
2025-12-10T08:47:14.054Z,0.834,2,1000,640x360,1.9933259999999962,1647,
2025-12-10T08:47:14.238Z,1.01,2,1000,640x360,1.9838340000000017,1684,
2025-12-10T08:47:14.411Z,1.287,2,1000,640x360,2.005336,1684,
2025-12-10T08:47:15.116Z,1.241,2,1000,640x360,1.970919000000002,1731,
2025-12-10T08:47:15.300Z,1.356,2,1000,640x360,1.9738509999999962,1748,
2025-12-10T08:47:16.022Z,1.123,2,1000,640x360,1.9434719999999999,1771,
2025-12-10T08:47:16.694Z,1.091,2,1000,640x360,1.9699820000000017,1785,
2025-12-10T08:47:16.872Z,1.335,2,1000,640x360,1.9899800000000027,1785,
2025-12-10T08:47:17.560Z,1.044,2,1000,640x360,2.015937000000001,1849,
2025-12-10T08:47:18.238Z,0.992,2,1000,640x360,1.9225640000000013,1845,
2025-12-10T08:47:18.419Z,1.227,2,1000,640x360,1.9431690000000046,1845,
2025-12-10T08:47:19.121Z,1.197,2,1000,640x360,1.9400729999999982,1902,
2025-12-10T08:47:19.306Z,1.324,2,1000,640x360,1.9507029999999972,1904,
2025-12-10T08:47:19.987Z,1.14,2,1000,640x360,1.9763960000000012,1923,
2025-12-10T08:47:20.708Z,1.106,2,1000,640x360,1.9539210000000011,1937,
2025-12-10T08:47:20.907Z,1.34,2,1000,640x360,1.954258000000003,1950,
2025-12-10T08:47:21.640Z,1.06,2,1000,640x360,1.9303590000000028,1958,
2025-12-10T08:47:21.845Z,1.289,2,1000,640x360,1.9194530000000043,1971,
2025-12-10T08:47:22.566Z,1.236,2,1000,640x360,2.0088229999999996,1979,
2025-12-10T08:47:22.774Z,1.501,2,1000,640x360,2.0027199999999965,1989,
2025-12-10T08:47:23.486Z,1.183,2,1000,640x360,1.9748370000000008,1997,
2025-12-10T08:47:24.197Z,0.883,2,1000,640x360,1.962921999999999,2010,
2025-12-10T08:47:24.334Z,1.303,2,1000,640x360,1.923887999999998,2018,
2025-12-10T08:47:24.972Z,1.092,2,1000,640x360,1.9906480000000002,2020,
2025-12-10T08:47:25.652Z,1.07,2,1000,640x360,1.9174310000000006,2026,
2025-12-10T08:47:25.856Z,1.226,2,1000,640x360,2.0076760000000036,2036,
2025-12-10T08:47:26.590Z,1.01,2,1000,640x360,1.9854800000000026,2043,
2025-12-10T08:47:26.786Z,1.491,2,1000,640x360,1.9872269999999972,2053,
2025-12-10T08:47:27.502Z,1.196,2,1000,640x360,1.9685110000000066,2058,
2025-12-10T08:47:28.205Z,0.912,2,1000,640x360,1.9597180000000023,2062,
2025-12-10T08:47:28.418Z,1.177,2,1000,640x360,1.9471610000000084,2062,
2025-12-10T08:47:29.270Z,0.836,2,1000,640x360,1.991291000000004,2086,
2025-12-10T08:47:29.465Z,1.291,2,1000,640x360,2.000421000000003,2098,
2025-12-10T08:47:30.164Z,1.046,2,1000,640x360,1.9929730000000063,2107,
2025-12-10T08:47:30.347Z,1.281,2,1000,640x360,1.908089000000004,2118,
2025-12-10T08:47:31.063Z,1.252,2,1000,640x360,2.0010350000000017,2127,
2025-12-10T08:47:31.247Z,1.491,2,1000,640x360,1.9123459999999994,2139,
2025-12-10T08:47:31.968Z,1.202,2,1000,640x360,2.002404999999996,2148,
2025-12-10T08:47:32.636Z,1.157,2,1000,640x360,1.9292560000000094,2165,
2025-12-10T08:47:32.791Z,1.315,2,1000,640x360,1.9679390000000012,2181,
2025-12-10T08:47:33.445Z,1.343,2,1000,640x360,1.9178070000000105,2197,
2025-12-10T08:47:34.116Z,1.049,2,1000,640x360,1.9448829999999901,2213,
2025-12-10T08:47:34.279Z,1.301,2,1000,640x360,1.983401999999998,2227,
2025-12-10T08:47:34.954Z,1.259,2,1000,640x360,1.911576999999994,2243,
2025-12-10T08:47:35.622Z,0.972,2,1000,640x360,1.9591069999999888,2261,
2025-12-10T08:47:35.754Z,1.427,2,1000,640x360,1.9218390000000056,2274,
2025-12-10T08:47:36.422Z,1.166,2,1000,640x360,1.943954000000005,2284,
2025-12-10T08:47:37.129Z,1.116,2,1000,640x360,1.9319299999999942,2301,
2025-12-10T08:47:37.317Z,1.357,2,1000,640x360,1.9439029999999917,2318,
2025-12-10T08:47:37.961Z,1.324,2,1000,640x360,2.003666999999993,2332,
2025-12-10T08:47:38.612Z,1.045,2,1000,640x360,1.9578709999999973,2339,
2025-12-10T08:47:38.765Z,1.463,2,1000,640x360,2.006964999999994,2354,
2025-12-10T08:47:39.548Z,1.231,2,1000,640x360,1.9270210000000105,2366,
2025-12-10T08:47:40.239Z,0.944,2,1000,640x360,1.9197049999999933,2363,
2025-12-10T08:47:40.429Z,1.173,2,1000,640x360,1.9346120000000013,2363,
2025-12-10T08:47:41.142Z,1.125,2,1000,640x360,1.917552999999998,2369,
2025-12-10T08:47:41.390Z,1.374,2,1000,640x360,1.975673999999998,2366,
2025-12-10T08:47:42.031Z,1.078,2,1000,640x360,1.9283960000000064,2368,
2025-12-10T08:47:42.744Z,1.056,2,1000,640x360,1.925696000000002,2367,
2025-12-10T08:47:42.976Z,1.158,2,1000,640x360,1.9889830000000046,2367,
2025-12-10T08:47:43.716Z,1.003,2,1000,640x360,1.9647329999999954,2369,
2025-12-10T08:47:43.900Z,1.225,2,1000,640x360,1.972058000000004,2370,
2025-12-10T08:47:44.601Z,1.184,2,1000,640x360,1.9620670000000047,2371,
2025-12-10T08:47:44.806Z,1.357,2,1000,640x360,1.9541289999999947,2372,
2025-12-10T08:47:45.695Z,1.129,2,1000,640x360,1.9686570000000074,2373,
2025-12-10T08:47:46.083Z,1.081,2,1000,640x360,1.9744759999999957,2288,
2025-12-10T08:47:46.457Z,1.328,2,1000,640x360,2.006684000000007,2232,
2025-12-10T08:47:47.359Z,0.756,2,1000,640x360,1.9990730000000099,2080,
2025-12-10T08:47:47.743Z,0.936,2,1000,640x360,1.929941999999997,1988,
2025-12-10T08:47:48.134Z,0.972,2,1000,640x360,1.9321659999999952,1890,
2025-12-10T08:47:48.429Z,1.179,2,1000,640x360,1.9296190000000024,1806,
2025-12-10T08:47:49.277Z,0.898,2,1000,640x360,1.9801089999999988,1761,
2025-12-10T08:47:49.610Z,1.074,2,1000,640x360,1.950144999999992,1696,
2025-12-10T08:47:49.926Z,1.202,2,1000,640x360,1.940218999999999,1650,
2025-12-10T08:47:50.776Z,0.813,2,1000,640x360,1.9879339999999956,1610,
2025-12-10T08:47:51.156Z,1.05,2,1000,640x360,2.000679000000005,1571,
2025-12-10T08:47:51.514Z,1.259,2,1000,640x360,1.96100899999999,1527,
2025-12-10T08:47:52.098Z,0.983,1,600,480x270,1.9778969999999987,1513,
2025-12-10T08:47:52.306Z,0.97,1,600,480x270,1.9524349999999941,1513,
2025-12-10T08:47:52.561Z,1.181,1,600,480x270,1.9972180000000037,1513,
2025-12-10T08:47:53.323Z,0.914,1,600,480x270,1.9371179999999981,1477,
2025-12-10T08:47:53.568Z,1.095,1,600,480x270,1.9936830000000043,1477,
2025-12-10T08:47:53.854Z,1.229,1,600,480x270,1.9090369999999979,1414,
2025-12-10T08:47:54.619Z,1.024,1,600,480x270,1.946150000000003,1413,
2025-12-10T08:47:54.888Z,1.327,1,600,480x270,1.9816330000000022,1394,
2025-12-10T08:47:55.648Z,1.042,1,600,480x270,1.9264849999999996,1378,
2025-12-10T08:47:55.943Z,1.272,1,600,480x270,1.929468,1365,
2025-12-10T08:47:56.696Z,0.99,1,600,480x270,1.9827410000000043,1348,
2025-12-10T08:47:56.912Z,1.216,1,600,480x270,1.961096000000012,1339,
2025-12-10T08:47:57.688Z,0.908,1,600,480x270,1.9728159999999946,1335,
2025-12-10T08:47:57.939Z,1.14,1,600,480x270,1.924225000000007,1322,
2025-12-10T08:47:58.674Z,1.117,1,600,480x270,1.9884860000000089,1313,
2025-12-10T08:47:58.904Z,1.208,1,600,480x270,1.9599939999999947,1306,
2025-12-10T08:47:59.521Z,1.058,1,600,480x270,1.9498320000000007,1298,
2025-12-10T08:48:00.119Z,1.017,1,600,480x270,1.9416810000000027,1354,
2025-12-10T08:48:00.211Z,1.447,1,600,480x270,1.9462230000000034,1354,
2025-12-10T08:48:00.817Z,1.501,1,600,480x270,1.9531789999999916,1503,
2025-12-10T08:48:01.460Z,1.184,1,600,480x270,2.0012159999999994,1506,
2025-12-10T08:48:02.101Z,1.156,1,600,480x270,1.956750999999997,1558,
2025-12-10T08:48:02.168Z,1.462,2,1000,640x360,1.98925899999999,1589,
2025-12-10T08:48:02.339Z,1.391,2,1000,640x360,1.9181570000000079,1589,
2025-12-10T08:48:02.538Z,1.11,2,1000,640x360,1.9300819999999987,1589,
2025-12-10T08:48:02.767Z,0.865,2,1000,640x360,2.0004789999999986,1718,
2025-12-10T08:48:02.944Z,0.754,2,1000,640x360,1.9148950000000013,1718,
2025-12-10T08:48:03.131Z,1.094,2,1000,640x360,1.9272310000000061,1718,
2025-12-10T08:48:03.330Z,1.324,2,1000,640x360,1.9260950000000037,1837,
2025-12-10T08:48:04.087Z,1.033,2,1000,640x360,1.9727559999999897,1803,
2025-12-10T08:48:04.386Z,1.266,2,1000,640x360,1.9720450000000085,1827,
2025-12-10T08:48:05.132Z,0.969,2,1000,640x360,1.9351290000000034,1813,
2025-12-10T08:48:05.372Z,1.202,2,1000,640x360,1.9847030000000103,1833,
2025-12-10T08:48:06.112Z,1.161,2,1000,640x360,1.9473969999999952,1836,
2025-12-10T08:48:06.342Z,1.405,2,1000,640x360,1.9171770000000095,1844,
2025-12-10T08:48:07.085Z,1.108,2,1000,640x360,1.9770270000000068,1847,
2025-12-10T08:48:07.400Z,1.344,2,1000,640x360,1.9596679999999935,1852,
2025-12-10T08:48:08.219Z,1.04,2,1000,640x360,1.9421629999999936,1832,
2025-12-10T08:48:08.455Z,1.265,2,1000,640x360,2.0072529999999915,1839,
2025-12-10T08:48:09.211Z,0.986,2,1000,640x360,1.9547259999999937,1836,
2025-12-10T08:48:09.463Z,1.168,2,1000,640x360,1.9972510000000057,1836,
2025-12-10T08:48:10.283Z,0.914,2,1000,640x360,1.975953000000004,1836,
2025-12-10T08:48:10.554Z,1.091,2,1000,640x360,1.9044169999999951,1836,
2025-12-10T08:48:11.307Z,0.859,2,1000,640x360,1.9475219999999922,1835,
2025-12-10T08:48:11.530Z,1.098,2,1000,640x360,1.9382109999999955,1835,
2025-12-10T08:48:12.250Z,1.062,2,1000,640x360,1.9089039999999926,1845,
2025-12-10T08:48:12.387Z,1.295,2,1000,640x360,1.969966999999997,1845,
2025-12-10T08:48:13.044Z,1.276,2,1000,640x360,1.9238349999999969,1863,
2025-12-10T08:48:13.746Z,0.987,2,1000,640x360,1.9284779999999984,1861,
2025-12-10T08:48:13.979Z,1.211,2,1000,640x360,1.9917219999999958,1861,
2025-12-10T08:48:14.667Z,0.908,2,1000,640x360,1.993655000000004,1879,
2025-12-10T08:48:14.853Z,1.262,2,1000,640x360,1.9067909999999983,1886,
2025-12-10T08:48:15.546Z,1.114,2,1000,640x360,1.9186250000000058,1896,
2025-12-10T08:48:16.286Z,0.809,2,1000,640x360,1.9730749999999944,1902,
2025-12-10T08:48:16.502Z,1.276,2,1000,640x360,1.9670330000000007,1902,
2025-12-10T08:48:17.191Z,1.018,2,1000,640x360,1.969504999999998,1941,
2025-12-10T08:48:17.358Z,1.246,2,1000,640x360,1.9987660000000034,1944,
2025-12-10T08:48:18.092Z,1.226,2,1000,640x360,1.974147000000002,1958,
2025-12-10T08:48:18.281Z,1.46,2,1000,640x360,1.9819740000000081,1976,
2025-12-10T08:48:18.969Z,1.155,2,1000,640x360,1.9884050000000002,1987,
2025-12-10T08:48:19.697Z,1.128,2,1000,640x360,1.966506999999993,1998,
2025-12-10T08:48:19.853Z,1.235,2,1000,640x360,1.9055959999999885,2028,
2025-12-10T08:48:20.560Z,1.075,2,1000,640x360,2.0120689999999968,2061,
2025-12-10T08:48:21.212Z,1.02,2,1000,640x360,1.9438300000000055,2064,
2025-12-10T08:48:21.336Z,1.265,2,1000,640x360,1.9184690000000018,2064,
2025-12-10T08:48:21.973Z,1.244,2,1000,640x360,1.993746999999999,2154,
2025-12-10T08:48:22.614Z,1.201,2,1000,640x360,1.9448919999999958,2150,
2025-12-10T08:48:22.746Z,1.343,2,1000,640x360,1.910256000000004,2183,
2025-12-10T08:48:23.375Z,1.375,2,1000,640x360,1.9837830000000025,2205,
2025-12-10T08:48:24.009Z,1.094,2,1000,640x360,1.9493630000000053,2232,
2025-12-10T08:48:24.634Z,0.992,2,1000,640x360,1.933597000000006,2242,
2025-12-10T08:48:24.763Z,1.438,2,1000,640x360,2.004576,2242,
2025-12-10T08:48:25.400Z,1.263,2,1000,640x360,1.958110000000005,2325,
2025-12-10T08:48:26.076Z,1.239,2,1000,640x360,1.9868840000000034,2319,
2025-12-10T08:48:26.180Z,1.475,2,1000,640x360,1.9816399999999987,2364,
2025-12-10T08:48:26.801Z,1.43,2,1000,640x360,1.9599619999999902,2371,
2025-12-10T08:48:27.436Z,1.142,2,1000,640x360,1.9281780000000026,2398,
2025-12-10T08:48:27.504Z,1.631,3,1500,768x432,1.9635760000000033,2398,
2025-12-10T08:48:27.733Z,1.374,3,1500,768x432,1.926912999999999,2398,
2025-12-10T08:48:27.882Z,1.189,3,1500,768x432,1.9772219999999976,2498,
2025-12-10T08:48:28.043Z,1.109,3,1500,768x432,1.9141209999999944,2498,
2025-12-10T08:48:28.243Z,0.827,3,1500,768x432,1.9157610000000034,2533,
2025-12-10T08:48:28.395Z,0.82,3,1500,768x432,1.964416,2533,
2025-12-10T08:48:28.549Z,1.089,3,1500,768x432,1.9218660000000085,2533,
2025-12-10T08:48:29.274Z,1.037,3,1500,768x432,1.9854270000000014,2588,
2025-12-10T08:48:29.453Z,1.218,3,1500,768x432,1.9111490000000089,2588,
2025-12-10T08:48:30.145Z,0.987,3,1500,768x432,1.9157049999999884,2727,
2025-12-10T08:48:30.310Z,1.422,3,1500,768x432,1.9507030000000043,2708,
2025-12-10T08:48:31.024Z,1.186,3,1500,768x432,1.9331600000000009,2751,
2025-12-10T08:48:31.740Z,0.89,3,1500,768x432,1.9226910000000146,2760,
2025-12-10T08:48:31.902Z,1.325,3,1500,768x432,1.9555059999999997,2760,
2025-12-10T08:48:32.578Z,1.099,3,1500,768x432,1.9862639999999914,2852,
2025-12-10T08:48:32.745Z,1.335,3,1500,768x432,1.9162980000000118,2836,
2025-12-10T08:48:33.415Z,1.297,3,1500,768x432,1.9455829999999992,2869,
2025-12-10T08:48:34.124Z,1.003,3,1500,768x432,1.9405830000000037,2886,
2025-12-10T08:48:34.347Z,1.231,3,1500,768x432,1.9118569999999977,2915,
2025-12-10T08:48:35.221Z,0.934,3,1500,768x432,1.9415630000000021,2926,
2025-12-10T08:48:35.480Z,1.168,3,1500,768x432,1.977564000000001,2903,
2025-12-10T08:48:36.263Z,0.874,3,1500,768x432,1.9935720000000003,2907,
2025-12-10T08:48:36.513Z,1.117,3,1500,768x432,1.9561129999999878,2897,
2025-12-10T08:48:37.297Z,0.812,3,1500,768x432,1.9605400000000088,2892,
2025-12-10T08:48:37.541Z,1.041,3,1500,768x432,1.916938999999985,2892,
2025-12-10T08:48:38.316Z,0.748,3,1500,768x432,1.9406870000000254,2880,
2025-12-10T08:48:38.562Z,1.112,3,1500,768x432,2.008510000000001,2880,
2025-12-10T08:48:38.835Z,1.253,3,1500,768x432,1.926495000000017,2855,
2025-12-10T08:48:39.614Z,1.185,3,1500,768x432,1.9680160000000058,2859,
2025-12-10T08:48:39.874Z,1.449,3,1500,768x432,2.007010000000008,2847,
2025-12-10T08:48:40.695Z,1.135,3,1500,768x432,1.9785219999999981,2846,
2025-12-10T08:48:40.993Z,1.094,3,1500,768x432,1.9664589999999862,2813,
2025-12-10T08:48:41.834Z,0.805,3,1500,768x432,1.9323530000000062,2810,
2025-12-10T08:48:42.163Z,1.001,3,1500,768x432,1.998547000000002,2810,
2025-12-10T08:48:42.461Z,1.144,3,1500,768x432,2.0050259999999867,2739,
2025-12-10T08:48:43.294Z,0.968,3,1500,768x432,1.9666410000000099,2725,
2025-12-10T08:48:43.596Z,1.06,3,1500,768x432,1.9797379999999976,2663,
2025-12-10T08:48:43.919Z,1.179,3,1500,768x432,1.9428430000000105,2636,
2025-12-10T08:48:44.730Z,0.879,3,1500,768x432,1.929347999999976,2592,
2025-12-10T08:48:45.029Z,1.109,3,1500,768x432,1.9283570000000054,2561,
2025-12-10T08:48:45.835Z,0.819,3,1500,768x432,1.9278779999999927,2547,
2025-12-10T08:48:46.160Z,1.034,3,1500,768x432,1.9976439999999798,2547,
2025-12-10T08:48:46.480Z,1.173,3,1500,768x432,1.9768779999999992,2456,
2025-12-10T08:48:47.406Z,0.718,3,1500,768x432,1.9530630000000144,2465,
2025-12-10T08:48:47.826Z,0.959,3,1500,768x432,1.9360769999999832,2305,
2025-12-10T08:48:47.904Z,1.191,2,1000,640x360,1.9561840000000075,2245,
2025-12-10T08:48:48.191Z,0.874,2,1000,640x360,1.9684949999999901,2245,
2025-12-10T08:48:48.472Z,1.158,2,1000,640x360,1.9979219999999884,2207,
2025-12-10T08:48:49.267Z,0.86,2,1000,640x360,1.9996910000000128,2155,
2025-12-10T08:48:49.545Z,1.102,2,1000,640x360,1.9199940000000026,2115,
2025-12-10T08:48:50.309Z,0.78,2,1000,640x360,1.9466939999999795,2096,
2025-12-10T08:48:50.654Z,1.023,2,1000,640x360,1.919842000000017,2096,
2025-12-10T08:48:50.996Z,1.261,2,1000,640x360,1.9806489999999997,1939,
2025-12-10T08:48:51.785Z,0.974,2,1000,640x360,1.9998610000000099,1924,
2025-12-10T08:48:52.068Z,1.195,2,1000,640x360,2.0036599999999964,1917,
2025-12-10T08:48:52.355Z,1.399,2,1000,640x360,1.9152660000000026,1886,
2025-12-10T08:48:53.118Z,1.125,2,1000,640x360,1.9386209999999835,1868,
2025-12-10T08:48:53.463Z,1.308,2,1000,640x360,2.0083620000000053,1859,
2025-12-10T08:48:54.247Z,1.065,2,1000,640x360,1.9077510000000188,1798,
2025-12-10T08:48:54.588Z,1.045,2,1000,640x360,1.9892069999999933,1814,
2025-12-10T08:48:54.864Z,1.275,2,1000,640x360,2.006360000000001,1789,
2025-12-10T08:48:55.662Z,0.991,2,1000,640x360,2.016963000000004,1784,
2025-12-10T08:48:55.948Z,1.217,2,1000,640x360,1.9256790000000024,1775,
2025-12-10T08:48:56.759Z,0.907,2,1000,640x360,2.0018689999999992,1761,
2025-12-10T08:48:57.062Z,1.133,2,1000,640x360,1.9993829999999946,1753,
2025-12-10T08:48:57.334Z,1.342,2,1000,640x360,1.9317020000000014,1735,
2025-12-10T08:48:58.098Z,1.08,2,1000,640x360,1.968874999999997,1729,
2025-12-10T08:48:58.354Z,1.263,2,1000,640x360,1.9010660000000144,1722,
2025-12-10T08:48:59.127Z,1.019,2,1000,640x360,1.9323149999999885,1712,
2025-12-10T08:48:59.411Z,1.187,2,1000,640x360,1.9475699999999847,1708,
2025-12-10T08:49:00.255Z,0.947,2,1000,640x360,1.9019879999999887,1698,
2025-12-10T08:49:00.546Z,1.091,2,1000,640x360,1.9164910000000077,1692,
2025-12-10T08:49:01.349Z,0.879,2,1000,640x360,1.9127280000000155,1689,
2025-12-10T08:49:01.678Z,0.996,2,1000,640x360,1.990460999999982,1689,
2025-12-10T08:49:01.979Z,1.087,2,1000,640x360,1.9795310000000086,1671,
2025-12-10T08:49:02.784Z,0.802,2,1000,640x360,1.9817199999999957,1669,
2025-12-10T08:49:03.071Z,1.025,2,1000,640x360,1.9884099999999876,1663,
2025-12-10T08:49:03.426Z,1.151,2,1000,640x360,1.9374579999999924,1655,
2025-12-10T08:49:04.345Z,0.806,2,1000,640x360,1.9135289999999827,1615,
2025-12-10T08:49:04.588Z,1.088,2,1000,640x360,1.9803960000000131,1628,
2025-12-10T08:49:04.852Z,1.219,2,1000,640x360,1.912259999999975,1617,
2025-12-10T08:49:05.646Z,1.135,2,1000,640x360,1.916115000000019,1614,
2025-12-10T08:49:05.946Z,1.126,2,1000,640x360,1.9143439999999998,1618,
2025-12-10T08:49:06.666Z,1.085,2,1000,640x360,1.9983070000000112,1614,
2025-12-10T08:49:06.912Z,1.319,2,1000,640x360,1.9557350000000042,1644,
2025-12-10T08:49:07.645Z,1.028,2,1000,640x360,1.9362370000000055,1663,
2025-12-10T08:49:07.896Z,1.256,2,1000,640x360,1.9771440000000098,1685,
2025-12-10T08:49:08.680Z,0.974,2,1000,640x360,2.0026379999999904,1707,
2025-12-10T08:49:09.001Z,1.198,2,1000,640x360,1.9722739999999988,1726,
2025-12-10T08:49:09.716Z,0.895,2,1000,640x360,1.945543000000015,1748,
2025-12-10T08:49:09.948Z,1.125,2,1000,640x360,1.9116089999999986,1757,
2025-12-10T08:49:10.684Z,1.101,2,1000,640x360,1.9793540000000007,1774,
2025-12-10T08:49:10.892Z,1.333,2,1000,640x360,1.9710000000000036,1787,
2025-12-10T08:49:11.679Z,1.046,2,1000,640x360,1.9902609999999754,1799,
2025-12-10T08:49:11.925Z,1.274,2,1000,640x360,1.9442160000000115,1822,
2025-12-10T08:49:12.697Z,0.987,2,1000,640x360,1.984722000000005,1833,
2025-12-10T08:49:12.920Z,1.215,2,1000,640x360,1.9502530000000036,1850,
2025-12-10T08:49:13.660Z,0.907,2,1000,640x360,2.0016239999999925,1856,
2025-12-10T08:49:13.925Z,1.14,2,1000,640x360,1.9318059999999946,1875,
2025-12-10T08:49:14.645Z,1.007,2,1000,640x360,1.9231489999999951,1889,
2025-12-10T08:49:14.788Z,1.346,2,1000,640x360,1.974285999999978,1901,
2025-12-10T08:49:15.494Z,1.307,2,1000,640x360,1.9762610000000222,1907,
2025-12-10T08:49:16.370Z,0.746,2,1000,640x360,1.9884349999999813,1914,
2025-12-10T08:49:16.567Z,1.192,2,1000,640x360,2.008227000000005,1921,
2025-12-10T08:49:16.720Z,1.361,2,1000,640x360,1.9529229999999984,1941,
2025-12-10T08:49:17.392Z,1.186,2,1000,640x360,1.9657860000000085,1965,
2025-12-10T08:49:18.039Z,1.146,2,1000,640x360,1.9208269999999743,1988,
2025-12-10T08:49:18.687Z,1.121,2,1000,640x360,1.9794880000000035,1994,
2025-12-10T08:49:18.806Z,1.365,2,1000,640x360,1.952493000000004,1994,
2025-12-10T08:49:19.451Z,1.317,2,1000,640x360,1.9125800000000197,2058,
2025-12-10T08:49:20.085Z,1.036,2,1000,640x360,1.9769569999999987,2059,
2025-12-10T08:49:20.208Z,1.481,2,1000,640x360,1.952902999999992,2095,
2025-12-10T08:49:20.852Z,1.236,2,1000,640x360,1.910346000000004,2119,
2025-12-10T08:49:21.494Z,1.203,2,1000,640x360,1.9757600000000082,2153,
2025-12-10T08:49:22.142Z,1.172,2,1000,640x360,1.9200600000000065,2165,
2025-12-10T08:49:22.285Z,1.28,2,1000,640x360,1.9755600000000015,2165,
2025-12-10T08:49:22.934Z,1.379,2,1000,640x360,1.9245229999999935,2253,
2025-12-10T08:49:23.612Z,1.083,2,1000,640x360,1.953204999999997,2254,
2025-12-10T08:49:23.792Z,1.315,2,1000,640x360,1.9696619999999996,2272,
2025-12-10T08:49:24.475Z,1.1,2,1000,640x360,1.9954099999999926,2285,
2025-12-10T08:49:25.144Z,0.985,2,1000,640x360,1.9138889999999833,2305,
2025-12-10T08:49:25.303Z,1.373,2,1000,640x360,1.9578600000000108,2312,
2025-12-10T08:49:25.982Z,1.197,2,1000,640x360,1.9845520000000079,2328,
2025-12-10T08:49:26.627Z,1.157,2,1000,640x360,1.9333139999999958,2340,
2025-12-10T08:49:26.779Z,1.392,2,1000,640x360,1.9789260000000013,2350,
2025-12-10T08:49:27.443Z,1.354,2,1000,640x360,1.9226199999999949,2362,
2025-12-10T08:49:28.129Z,1.062,2,1000,640x360,1.9303600000000074,2373,
2025-12-10T08:49:28.353Z,1.293,2,1000,640x360,1.9055409999999995,2386,
2025-12-10T08:49:29.083Z,0.997,2,1000,640x360,1.9790069999999957,2404,
2025-12-10T08:49:29.156Z,1.418,3,1500,768x432,1.904689999999988,2376,
2025-12-10T08:49:29.526Z,1.071,3,1500,768x432,1.9418070000000114,2376,
2025-12-10T08:49:29.594Z,1.048,2,1000,640x360,1.984312999999986,2358,
2025-12-10T08:49:29.922Z,0.707,2,1000,640x360,1.9470280000000173,2358,
2025-12-10T08:49:30.149Z,0.438,2,1000,640x360,1.916515000000004,2358,
2025-12-10T08:49:30.380Z,0.341,2,1000,640x360,1.9855079999999816,2329,
2025-12-10T08:49:30.620Z,0.478,2,1000,640x360,1.9386769999999842,2329,
2025-12-10T08:49:30.869Z,0.901,2,1000,640x360,1.9909249999999759,2312,
2025-12-10T08:49:31.117Z,1.12,2,1000,640x360,1.9392899999999997,2312,
2025-12-10T08:49:31.365Z,1.258,2,1000,640x360,1.994499999999988,2289,
2025-12-10T08:49:32.115Z,1.082,2,1000,640x360,1.9476219999999955,2283,
2025-12-10T08:49:32.363Z,1.309,2,1000,640x360,1.9984320000000082,2273,
2025-12-10T08:49:33.116Z,1.012,2,1000,640x360,1.940924999999993,2261,
2025-12-10T08:49:33.353Z,1.243,2,1000,640x360,1.9043360000000007,2252,
2025-12-10T08:49:34.150Z,0.948,2,1000,640x360,1.9076799999999992,2244,
2025-12-10T08:49:34.376Z,1.188,2,1000,640x360,1.9883239999999773,2219,
2025-12-10T08:49:35.118Z,1.16,2,1000,640x360,1.9516500000000008,2205,
2025-12-10T08:49:35.342Z,1.294,2,1000,640x360,1.914465000000007,2188,
2025-12-10T08:49:36.090Z,1.094,2,1000,640x360,1.969335000000001,2170,
2025-12-10T08:49:36.322Z,1.323,2,1000,640x360,1.9329010000000153,2159,
2025-12-10T08:49:36.969Z,1.297,2,1000,640x360,1.9922219999999982,2142,
2025-12-10T08:49:37.721Z,1.015,2,1000,640x360,1.9566269999999975,2175,
2025-12-10T08:49:37.893Z,1.242,2,1000,640x360,1.977468999999985,2200,
2025-12-10T08:49:38.561Z,1.199,2,1000,640x360,2.0146079999999813,2209,
2025-12-10T08:49:38.745Z,1.461,2,1000,640x360,1.9385490000000232,2221,
2025-12-10T08:49:39.424Z,1.153,2,1000,640x360,1.949848000000003,2243,
2025-12-10T08:49:40.149Z,1.111,2,1000,640x360,1.9081970000000013,2241,
2025-12-10T08:49:40.477Z,1.261,2,1000,640x360,1.9895370000000128,2253,
2025-12-10T08:49:41.157Z,1.046,2,1000,640x360,2.001277999999985,2265,
2025-12-10T08:49:41.340Z,1.277,2,1000,640x360,1.914793000000003,2268,
2025-12-10T08:49:42.018Z,1.244,2,1000,640x360,1.9424269999999808,2273,
2025-12-10T08:49:42.650Z,0.977,2,1000,640x360,1.9296129999999891,2275,
2025-12-10T08:49:42.790Z,1.436,2,1000,640x360,1.9849379999999996,2275,
2025-12-10T08:49:43.446Z,1.166,2,1000,640x360,1.922269,2347,
2025-12-10T08:49:44.137Z,1.124,2,1000,640x360,1.9224200000000167,2345,
2025-12-10T08:49:44.247Z,1.356,2,1000,640x360,1.908391999999992,2384,
2025-12-10T08:49:44.864Z,1.33,2,1000,640x360,1.9981979999999737,2390,
2025-12-10T08:49:44.937Z,1.702,3,1500,768x432,1.924601999999993,2390,
2025-12-10T08:49:45.145Z,1.565,3,1500,768x432,1.9115229999999883,2390,
2025-12-10T08:49:45.404Z,1.232,3,1500,768x432,1.9577359999999828,2467,
2025-12-10T08:49:45.563Z,1.046,3,1500,768x432,2.0118590000000154,2467,
2025-12-10T08:49:45.727Z,0.883,3,1500,768x432,1.9418059999999855,2529,
2025-12-10T08:49:45.861Z,0.773,3,1500,768x432,2.006034999999997,2529,
2025-12-10T08:49:46.029Z,1.21,3,1500,768x432,1.933181000000019,2529,
2025-12-10T08:49:46.770Z,0.988,3,1500,768x432,2.0043330000000026,2555,
2025-12-10T08:49:47.035Z,1.215,3,1500,768x432,1.9332130000000234,2555,
2025-12-10T08:49:47.731Z,0.905,3,1500,768x432,1.9309130000000039,2598,
2025-12-10T08:49:48.074Z,1.141,3,1500,768x432,1.9824859999999944,2598,
2025-12-10T08:49:48.313Z,1.356,3,1500,768x432,1.9472509999999943,2667,
2025-12-10T08:49:49.037Z,1.081,3,1500,768x432,1.9227070000000026,2657,
2025-12-10T08:49:49.793Z,0.793,3,1500,768x432,1.9731350000000134,2665,
2025-12-10T08:49:50.002Z,1.068,3,1500,768x432,1.9595050000000072,2665,
2025-12-10T08:49:50.721Z,0.98,3,1500,768x432,1.9345280000000002,2686,
2025-12-10T08:49:50.955Z,1.215,3,1500,768x432,1.8999019999999973,2686,
2025-12-10T08:49:51.738Z,0.917,3,1500,768x432,1.919429999999977,2732,
2025-12-10T08:49:52.007Z,1.155,3,1500,768x432,1.9496819999999957,2699,
2025-12-10T08:49:52.806Z,0.856,3,1500,768x432,1.9581479999999942,2706,
2025-12-10T08:49:53.026Z,1.089,3,1500,768x432,1.9365959999999802,2706,
2025-12-10T08:49:53.763Z,1.072,3,1500,768x432,2.0022280000000023,2697,
2025-12-10T08:49:54.125Z,1.031,3,1500,768x432,1.9404989999999884,2697,
2025-12-10T08:49:54.482Z,1.217,3,1500,768x432,1.9872009999999989,2672,
2025-12-10T08:49:55.267Z,0.975,3,1500,768x432,1.9983959999999854,2674,
2025-12-10T08:49:55.572Z,1.146,3,1500,768x432,1.9916389999999922,2667,
2025-12-10T08:49:55.783Z,1.284,3,1500,768x432,1.9757270000000062,2661,
2025-12-10T08:49:56.576Z,1.145,3,1500,768x432,1.9821819999999946,2656,
2025-12-10T08:49:56.923Z,1.2,3,1500,768x432,1.935547000000014,2652,
2025-12-10T08:49:57.658Z,1.088,3,1500,768x432,2.006943000000007,2649,
2025-12-10T08:49:57.876Z,1.318,3,1500,768x432,1.987138999999985,2671,
2025-12-10T08:49:58.611Z,1.032,3,1500,768x432,1.962237000000016,2678,
2025-12-10T08:49:58.852Z,1.26,3,1500,768x432,1.917178000000007,2692,
2025-12-10T08:49:59.584Z,1.218,3,1500,768x432,1.9972410000000025,2703,
2025-12-10T08:49:59.816Z,1.331,3,1500,768x432,1.9568940000000055,2715,
2025-12-10T08:50:00.578Z,1.165,3,1500,768x432,1.9870029999999872,2727,
2025-12-10T08:50:00.797Z,1.397,3,1500,768x432,1.9671229999999866,2739,
2025-12-10T08:50:01.522Z,1.1,3,1500,768x432,1.9430710000000033,2747,
2025-12-10T08:50:02.239Z,1.063,3,1500,768x432,1.9206489999999974,2751,
2025-12-10T08:50:02.415Z,1.292,3,1500,768x432,1.9488929999999982,2751,
2025-12-10T08:50:03.115Z,1.003,3,1500,768x432,1.9467950000000087,2779,
2025-12-10T08:50:03.300Z,1.451,3,1500,768x432,1.9557530000000156,2776,
2025-12-10T08:50:03.999Z,1.216,3,1500,768x432,1.9705179999999984,2806,
2025-12-10T08:50:04.675Z,0.907,3,1500,768x432,1.9871300000000076,2831,
2025-12-10T08:50:04.897Z,1.281,3,1500,768x432,1.9627439999999865,2849,
2025-12-10T08:50:05.567Z,1.114,3,1500,768x432,1.9946589999999844,2885,
2025-12-10T08:50:05.783Z,1.347,3,1500,768x432,1.9780620000000226,2906,
2025-12-10T08:50:06.490Z,1.308,3,1500,768x432,1.9801470000000165,2945,
2025-12-10T08:50:07.177Z,1.02,3,1500,768x432,1.9853799999999922,2970,
2025-12-10T08:50:07.346Z,1.25,3,1500,768x432,1.9107249999999851,2994,
2025-12-10T08:50:08.023Z,1.227,3,1500,768x432,1.9445550000000082,3019,
2025-12-10T08:50:08.738Z,0.922,3,1500,768x432,1.9212829999999883,3028,
2025-12-10T08:50:08.942Z,1.149,3,1500,768x432,1.9146780000000092,3028,
2025-12-10T08:50:09.698Z,1.123,3,1500,768x432,1.9639880000000005,3056,
2025-12-10T08:50:09.896Z,1.253,3,1500,768x432,1.9677949999999953,3069,
2025-12-10T08:50:10.586Z,1.071,3,1500,768x432,1.983130000000017,3080,
2025-12-10T08:50:10.796Z,1.302,3,1500,768x432,1.9684150000000216,3089,
2025-12-10T08:50:11.515Z,1.26,3,1500,768x432,1.9569560000000195,3103,
2025-12-10T08:50:12.279Z,0.971,3,1500,768x432,1.9777430000000038,3107,
2025-12-10T08:50:12.469Z,1.202,3,1500,768x432,2.00083699999999,3107,
2025-12-10T08:50:13.192Z,0.913,3,1500,768x432,1.9759590000000173,3148,
2025-12-10T08:50:13.376Z,1.378,3,1500,768x432,1.9880780000000016,3135,
2025-12-10T08:50:14.084Z,1.111,3,1500,768x432,1.9773020000000088,3147,
2025-12-10T08:50:14.307Z,1.304,3,1500,768x432,1.9490749999999935,3155,
2025-12-10T08:50:14.963Z,1.304,3,1500,768x432,1.9965310000000045,3163,
2025-12-10T08:50:15.649Z,1.029,3,1500,768x432,1.922583000000003,3165,
2025-12-10T08:50:15.841Z,1.258,3,1500,768x432,1.9277969999999982,3175,
2025-12-10T08:50:16.563Z,1.207,3,1500,768x432,2.0134250000000122,3184,
2025-12-10T08:50:16.810Z,1.347,3,1500,768x432,1.962822000000017,3188,
2025-12-10T08:50:17.603Z,1.157,3,1500,768x432,1.9583230000000071,3164,
2025-12-10T08:50:17.870Z,1.249,3,1500,768x432,1.9929940000000101,3192,
2025-12-10T08:50:18.589Z,1.099,3,1500,768x432,1.975198000000006,3190,
2025-12-10T08:50:18.821Z,1.332,3,1500,768x432,1.9410689999999988,3196,
2025-12-10T08:50:19.529Z,1.291,3,1500,768x432,1.9420379999999966,3201,
2025-12-10T08:50:20.239Z,1.003,3,1500,768x432,1.9181070000000204,3203,
2025-12-10T08:50:20.463Z,1.233,3,1500,768x432,2.0028020000000026,3203,
2025-12-10T08:50:21.137Z,0.941,3,1500,768x432,1.9311810000000094,3221,
2025-12-10T08:50:21.344Z,1.433,3,1500,768x432,1.9179619999999886,3220,
2025-12-10T08:50:22.016Z,1.141,3,1500,768x432,1.9428450000000055,3188,
2025-12-10T08:50:22.733Z,0.848,3,1500,768x432,1.9277689999999836,3209,
2025-12-10T08:50:22.913Z,1.222,3,1500,768x432,1.9450879999999984,3209,
2025-12-10T08:50:23.620Z,1.06,3,1500,768x432,1.950052999999997,3258,
2025-12-10T08:50:23.812Z,1.286,3,1500,768x432,1.9560519999999997,3253,
2025-12-10T08:50:24.502Z,1.249,3,1500,768x432,1.9664989999999989,3273,
2025-12-10T08:50:25.202Z,0.959,3,1500,768x432,1.9602769999999907,3278,
2025-12-10T08:50:25.409Z,1.188,3,1500,768x432,1.949622000000005,3278,
2025-12-10T08:50:26.084Z,1.144,3,1500,768x432,1.9733850000000075,3327,
2025-12-10T08:50:26.271Z,1.391,3,1500,768x432,1.983382000000006,3334,
2025-12-10T08:50:26.962Z,1.35,3,1500,768x432,1.9962109999999882,3352,
2025-12-10T08:50:27.654Z,1.071,3,1500,768x432,1.9159150000000125,3385,
2025-12-10T08:50:27.832Z,1.305,3,1500,768x432,1.9307830000000195,3406,
2025-12-10T08:50:28.504Z,1.25,3,1500,768x432,1.9680499999999768,3431,
2025-12-10T08:50:29.178Z,0.942,3,1500,768x432,1.9816059999999993,3442,
2025-12-10T08:50:29.364Z,1.389,3,1500,768x432,1.994259999999997,3442,
2025-12-10T08:50:30.056Z,1.135,3,1500,768x432,2.0003399999999942,3524,
2025-12-10T08:50:30.706Z,1.106,3,1500,768x432,1.9554430000000025,3511,
2025-12-10T08:50:30.864Z,1.349,3,1500,768x432,1.9973460000000216,3511,
2025-12-10T08:50:31.560Z,1.058,3,1500,768x432,2.007156999999978,3575,
2025-12-10T08:50:32.206Z,1.007,3,1500,768x432,1.952571999999975,3568,
2025-12-10T08:50:32.360Z,1.203,3,1500,768x432,1.9942259999999976,3568,
2025-12-10T08:50:33.048Z,1.226,3,1500,768x432,1.9162489999999934,3625,
2025-12-10T08:50:33.732Z,0.919,3,1500,768x432,1.9266059999999925,3604,
2025-12-10T08:50:33.909Z,1.154,3,1500,768x432,1.947808000000009,3604,
2025-12-10T08:50:34.668Z,1.052,3,1500,768x432,1.994495999999998,3585,
2025-12-10T08:50:34.866Z,1.362,3,1500,768x432,1.995868999999999,3587,
2025-12-10T08:50:35.597Z,1.071,3,1500,768x432,1.9716889999999978,3581,
2025-12-10T08:50:35.864Z,1.299,3,1500,768x432,1.999245000000002,3573,
2025-12-10T08:50:36.626Z,1.018,3,1500,768x432,1.9493779999999958,3568,
2025-12-10T08:50:36.819Z,1.406,3,1500,768x432,1.952099000000004,3562,
2025-12-10T08:50:37.546Z,1.187,3,1500,768x432,1.9316110000000037,3558,
2025-12-10T08:50:38.249Z,0.899,3,1500,768x432,1.9173769999999877,3555,
2025-12-10T08:50:38.442Z,1.137,3,1500,768x432,1.9342450000000042,3555,
2025-12-10T08:50:39.173Z,1.096,3,1500,768x432,1.98654700000003,3540,
2025-12-10T08:50:39.395Z,1.328,3,1500,768x432,1.964622999999989,3545,
2025-12-10T08:50:40.099Z,1.033,3,1500,768x432,1.962746999999979,3534,
2025-12-10T08:50:40.367Z,1.265,3,1500,768x432,1.9930559999999957,3532,
2025-12-10T08:50:41.124Z,0.975,3,1500,768x432,1.939258000000052,3525,
2025-12-10T08:50:41.349Z,1.219,3,1500,768x432,1.9060240000000022,3520,
2025-12-10T08:50:42.086Z,1.189,3,1500,768x432,1.9800160000000346,3516,
2025-12-10T08:50:42.282Z,1.415,3,1500,768x432,1.9800759999999968,3519,
2025-12-10T08:50:42.993Z,1.11,3,1500,768x432,1.965688,3516,
2025-12-10T08:50:43.693Z,1.076,3,1500,768x432,1.9710660000000075,3516,
2025-12-10T08:50:43.814Z,1.317,3,1500,768x432,1.9528369999999882,3516,
2025-12-10T08:50:44.488Z,1.28,3,1500,768x432,1.9807149999999751,3516,
2025-12-10T08:50:45.286Z,0.988,3,1500,768x432,1.9710319999999797,3515,
2025-12-10T08:50:45.506Z,1.185,3,1500,768x432,1.953897999999981,3516,
2025-12-10T08:50:46.215Z,0.92,3,1500,768x432,1.9440740000000005,3516,
2025-12-10T08:50:46.396Z,1.347,3,1500,768x432,1.964700999999991,3516,
2025-12-10T08:50:47.072Z,1.125,3,1500,768x432,1.983965000000012,3537,
2025-12-10T08:50:47.289Z,1.359,3,1500,768x432,1.967078000000015,3536,
2025-12-10T08:50:47.977Z,1.323,3,1500,768x432,1.987041999999974,3552,
2025-12-10T08:50:48.664Z,1.044,3,1500,768x432,2.008293999999978,3554,
2025-12-10T08:50:48.853Z,1.274,3,1500,768x432,1.9122229999999831,3566,
2025-12-10T08:50:49.517Z,1.225,3,1500,768x432,1.9565809999999715,3571,
2025-12-10T08:50:50.160Z,0.942,3,1500,768x432,2.0011049999999955,3575,
2025-12-10T08:50:50.313Z,1.408,3,1500,768x432,1.9454849999999624,3575,
2025-12-10T08:50:51.045Z,1.142,3,1500,768x432,1.9138509999999656,3595,
2025-12-10T08:50:51.792Z,0.85,3,1500,768x432,1.9721499999999992,3594,
2025-12-10T08:50:51.967Z,1.144,3,1500,768x432,1.990696000000014,3594,
2025-12-10T08:50:52.718Z,1.059,3,1500,768x432,1.9490100000000439,3621,
2025-12-10T08:50:52.880Z,1.287,3,1500,768x432,1.9845250000000192,3619,
2025-12-10T08:50:53.569Z,1.237,3,1500,768x432,2.007399000000021,3626,
2025-12-10T08:50:53.768Z,1.327,3,1500,768x432,2.0021260000000325,3632,
2025-12-10T08:50:54.473Z,1.186,3,1500,768x432,1.9879920000000197,3640,
2025-12-10T08:50:55.188Z,0.888,3,1500,768x432,1.9697810000000118,3629,
2025-12-10T08:50:55.361Z,1.357,3,1500,768x432,1.9974480000000199,3631,
2025-12-10T08:50:56.058Z,1.092,3,1500,768x432,2.001042000000041,3626,
2025-12-10T08:50:56.764Z,1.074,3,1500,768x432,2.001888000000008,3625,
2025-12-10T08:50:56.993Z,1.305,3,1500,768x432,1.9697060000000306,3625,
2025-12-10T08:50:57.716Z,1.014,3,1500,768x432,1.9544280000000072,3616,
2025-12-10T08:50:57.939Z,1.243,3,1500,768x432,1.9279319999999984,3618,
2025-12-10T08:50:58.733Z,0.962,3,1500,768x432,1.9495190000000093,3612,
2025-12-10T08:50:58.947Z,1.188,3,1500,768x432,1.9258389999999963,3605,
2025-12-10T08:50:59.662Z,1.152,3,1500,768x432,2.005420000000015,3602,
2025-12-10T08:50:59.870Z,1.383,3,1500,768x432,1.997004000000004,3595,
2025-12-10T08:51:00.582Z,1.086,3,1500,768x432,1.986880000000042,3593,
2025-12-10T08:51:00.789Z,1.319,3,1500,768x432,1.974642000000017,3587,
2025-12-10T08:51:01.513Z,1.276,3,1500,768x432,1.9606039999999894,3578,
2025-12-10T08:51:02.230Z,0.984,3,1500,768x432,1.9273049999999898,3573,
2025-12-10T08:51:02.425Z,1.145,3,1500,768x432,1.9409469999999942,3573,
2025-12-10T08:51:03.137Z,1.187,3,1500,768x432,1.9241240000000062,3540,
2025-12-10T08:51:03.361Z,1.421,3,1500,768x432,1.9979410000000257,3553,
2025-12-10T08:51:04.109Z,1.106,3,1500,768x432,1.9527410000000032,3532,
2025-12-10T08:51:04.307Z,1.308,3,1500,768x432,1.9479279999999903,3531,
2025-12-10T08:51:04.980Z,1.306,3,1500,768x432,1.9814170000000217,3443,
2025-12-10T08:51:05.681Z,1.029,3,1500,768x432,1.9886070000000018,3479,
2025-12-10T08:51:05.936Z,1.26,3,1500,768x432,1.9281750000000102,3458,
2025-12-10T08:51:06.687Z,0.973,3,1500,768x432,1.9903980000000274,3457,
2025-12-10T08:51:06.922Z,1.198,3,1500,768x432,1.9491730000000302,3460,
2025-12-10T08:51:07.614Z,1.152,3,1500,768x432,1.948346000000015,3452,
2025-12-10T08:51:07.794Z,1.391,3,1500,768x432,1.9653109999999856,3521,
2025-12-10T08:51:08.478Z,1.1,3,1500,768x432,1.9879020000000196,3545,
2025-12-10T08:51:09.169Z,1.062,3,1500,768x432,1.989750000000015,3574,
2025-12-10T08:51:09.331Z,1.295,3,1500,768x432,1.9239749999999844,3583,
2025-12-10T08:51:09.963Z,1.252,3,1500,768x432,1.9945969999999988,3599,
2025-12-10T08:51:10.605Z,0.99,3,1500,768x432,1.9732950000000073,3609,
2025-12-10T08:51:10.768Z,1.479,3,1500,768x432,2.0067860000000337,3617,
2025-12-10T08:51:11.434Z,1.174,3,1500,768x432,1.92503099999999,3630,
2025-12-10T08:51:12.113Z,1.128,3,1500,768x432,1.9433480000000145,3638,
2025-12-10T08:51:12.305Z,1.373,3,1500,768x432,1.9533840000000282,3650,
2025-12-10T08:51:13.070Z,1.08,3,1500,768x432,1.9919120000000134,3661,
2025-12-10T08:51:13.239Z,1.485,3,1500,768x432,1.9177869999999757,3679,
2025-12-10T08:51:13.932Z,1.282,3,1500,768x432,1.9253699999999867,3685,
2025-12-10T08:51:14.616Z,0.997,3,1500,768x432,1.9570060000000353,3699,
2025-12-10T08:51:14.786Z,1.459,3,1500,768x432,1.97895299999999,3707,
2025-12-10T08:51:15.474Z,1.188,3,1500,768x432,1.9851850000000013,3714,
2025-12-10T08:51:16.143Z,1.147,3,1500,768x432,1.9132830000000354,3723,
2025-12-10T08:51:16.306Z,1.39,3,1500,768x432,1.950696999999991,3731,
2025-12-10T08:51:17.004Z,1.096,3,1500,768x432,1.957632999999987,3736,
2025-12-10T08:51:17.684Z,1.069,3,1500,768x432,1.9873360000000275,3742,
2025-12-10T08:51:17.866Z,1.272,3,1500,768x432,1.9961999999999875,3747,
2025-12-10T08:51:18.579Z,1.019,3,1500,768x432,1.9963950000000068,3754,
2025-12-10T08:51:18.769Z,1.502,3,1500,768x432,2.0008659999999736,3764,
2025-12-10T08:51:19.444Z,1.202,3,1500,768x432,1.9207319999999868,3768,
2025-12-10T08:51:20.148Z,1.18,3,1500,768x432,1.9165230000000406,3772,
2025-12-10T08:51:20.307Z,1.406,3,1500,768x432,1.954672999999957,3776,
2025-12-10T08:51:20.938Z,1.375,3,1500,768x432,1.9268970000000536,3778,
2025-12-10T08:51:21.624Z,1.086,3,1500,768x432,1.945715000000007,3781,
2025-12-10T08:51:21.844Z,1.316,3,1500,768x432,1.918188999999984,3787,
2025-12-10T08:51:22.519Z,1.276,3,1500,768x432,1.9523760000000152,3789,
2025-12-10T08:51:23.194Z,0.988,3,1500,768x432,1.9670340000000124,3790,
2025-12-10T08:51:23.488Z,1.216,3,1500,768x432,1.9815979999999627,3790,
2025-12-10T08:51:24.169Z,0.922,3,1500,768x432,1.9928539999999657,3773,
2025-12-10T08:51:24.373Z,1.295,3,1500,768x432,1.9863430000000335,3774,
2025-12-10T08:51:25.091Z,1.125,3,1500,768x432,1.9672709999999825,3766,
2025-12-10T08:51:25.314Z,1.358,3,1500,768x432,1.9446740000000204,3761,
2025-12-10T08:51:26.050Z,1.066,3,1500,768x432,1.908569,3756,
2025-12-10T08:51:26.744Z,1.046,3,1500,768x432,1.9252060000000029,3753,
2025-12-10T08:51:26.914Z,1.269,3,1500,768x432,1.9507749999999646,3753,
2025-12-10T08:51:27.521Z,1.227,3,1500,768x432,1.9521310000000085,3737,
2025-12-10T08:51:28.047Z,1.196,3,1500,768x432,1.9235490000000368,3741,
2025-12-10T08:51:28.847Z,0.906,3,1500,768x432,1.9130650000000173,3736,
2025-12-10T08:51:29.053Z,1.108,3,1500,768x432,1.905857000000026,3736,
2025-12-10T08:51:29.761Z,0.849,3,1500,768x432,1.9988529999999969,3731,
2025-12-10T08:51:29.956Z,1.306,3,1500,768x432,2.002835999999945,3731,
2025-12-10T08:51:30.655Z,1.06,3,1500,768x432,1.9158919999999853,3686,
2025-12-10T08:51:30.857Z,1.287,3,1500,768x432,2.0078269999999634,3693,
2025-12-10T08:51:31.580Z,1.004,3,1500,768x432,2.000973999999985,3674,
2025-12-10T08:51:31.793Z,1.502,3,1500,768x432,1.9800979999999981,3663,
2025-12-10T08:51:32.512Z,1.186,3,1500,768x432,1.947497999999996,3642,
2025-12-10T08:51:33.223Z,0.89,3,1500,768x432,1.9362150000000042,3636,
2025-12-10T08:51:33.442Z,1.131,3,1500,768x432,1.9211410000000342,3636,
2025-12-10T08:51:34.109Z,1.09,3,1500,768x432,1.9470290000000432,3588,
2025-12-10T08:51:34.281Z,1.306,3,1500,768x432,1.9745499999999652,3602,
2025-12-10T08:51:34.988Z,1.297,3,1500,768x432,1.9739109999999869,3582,
2025-12-10T08:51:35.713Z,1.016,3,1500,768x432,1.959023000000002,3577,
2025-12-10T08:51:35.982Z,1.247,3,1500,768x432,1.9855539999999792,3559,
2025-12-10T08:51:36.756Z,0.963,3,1500,768x432,2.0222099999999728,3550,
2025-12-10T08:51:36.949Z,1.187,3,1500,768x432,1.9237339999999676,3541,
2025-12-10T08:51:37.659Z,1.151,3,1500,768x432,2.0069859999999835,3535,
2025-12-10T08:51:37.861Z,1.384,3,1500,768x432,2.0056410000000255,3528,
2025-12-10T08:51:38.578Z,1.085,3,1500,768x432,1.9861290000000054,3516,
2025-12-10T08:51:38.778Z,1.317,3,1500,768x432,1.9840519999999628,3508,
2025-12-10T08:51:39.480Z,1.268,3,1500,768x432,1.9905039999999872,3502,
2025-12-10T08:51:40.178Z,0.985,3,1500,768x432,1.9880420000000072,3503,
2025-12-10T08:51:40.413Z,1.216,3,1500,768x432,1.9481850000000236,3495,
2025-12-10T08:51:41.123Z,1.184,3,1500,768x432,1.9376320000000078,3547,
2025-12-10T08:51:41.311Z,1.31,3,1500,768x432,1.9443009999999958,3553,
2025-12-10T08:51:42.010Z,1.124,3,1500,768x432,1.9461979999999812,3575,
2025-12-10T08:51:42.696Z,1.102,3,1500,768x432,1.9659359999999992,3588,
2025-12-10T08:51:42.844Z,1.335,3,1500,768x432,1.9185840000000098,3588,
2025-12-10T08:51:43.533Z,1.046,3,1500,768x432,1.9414690000000405,3626,
2025-12-10T08:51:44.227Z,1.001,3,1500,768x432,1.9306210000000306,3624,
2025-12-10T08:51:44.388Z,1.232,3,1500,768x432,1.9684729999999604,3624,
2025-12-10T08:51:45.046Z,1.209,3,1500,768x432,1.9169320000000312,3677,
2025-12-10T08:51:45.787Z,0.907,3,1500,768x432,1.9693250000000262,3662,
2025-12-10T08:51:45.994Z,1.092,3,1500,768x432,1.9628549999999905,3662,
2025-12-10T08:51:46.712Z,1.117,3,1500,768x432,1.9534790000000157,3683,
2025-12-10T08:51:46.899Z,1.348,3,1500,768x432,1.9606989999999769,3679,
2025-12-10T08:51:47.573Z,1.043,3,1500,768x432,1.997865000000047,3686,
2025-12-10T08:51:47.705Z,1.503,3,1500,768x432,1.963548000000003,3688,
2025-12-10T08:51:48.497Z,1.233,3,1500,768x432,1.9756719999999746,3692,
2025-12-10T08:51:49.183Z,0.942,3,1500,768x432,1.9747160000000008,3696,
2025-12-10T08:51:49.345Z,1.326,3,1500,768x432,1.9091680000000224,3696,
2025-12-10T08:51:50.063Z,1.14,3,1500,768x432,1.991378999999995,3712,
2025-12-10T08:51:50.258Z,1.373,3,1500,768x432,1.9977120000000355,3712,
2025-12-10T08:51:50.949Z,1.342,3,1500,768x432,1.9091119999999933,3716,
2025-12-10T08:51:51.626Z,1.058,3,1500,768x432,1.9414140000000089,3722,
2025-12-10T08:51:51.840Z,1.288,3,1500,768x432,1.9222859999999855,3724,
2025-12-10T08:51:52.533Z,1.242,3,1500,768x432,1.9369820000000004,3730,
2025-12-10T08:51:53.219Z,0.959,3,1500,768x432,1.94259100000005,3731,
2025-12-10T08:51:53.400Z,1.188,3,1500,768x432,1.9605710000000158,3731,
2025-12-10T08:51:54.067Z,1.146,3,1500,768x432,1.9920720000000074,3743,
2025-12-10T08:51:54.235Z,1.388,3,1500,768x432,1.9236040000000116,3742,
2025-12-10T08:51:54.963Z,1.355,3,1500,768x432,1.9949599999999919,3747,
2025-12-10T08:51:55.666Z,1.071,3,1500,768x432,2.00427099999996,3752,
2025-12-10T08:51:55.875Z,1.301,3,1500,768x432,1.988330000000019,3758,
2025-12-10T08:51:56.543Z,1.256,3,1500,768x432,1.9318339999999807,3760,
2025-12-10T08:51:57.219Z,0.975,3,1500,768x432,1.9422799999999825,3764,
2025-12-10T08:51:57.378Z,1.204,3,1500,768x432,1.9789539999999874,3764,
2025-12-10T08:51:58.060Z,1.176,3,1500,768x432,2.004472000000021,3786,
2025-12-10T08:51:58.764Z,0.881,3,1500,768x432,1.9991509999999835,3783,
2025-12-10T08:51:58.945Z,1.303,3,1500,768x432,1.9167459999999892,3783,
2025-12-10T08:51:59.669Z,1.085,3,1500,768x432,1.9976890000000367,3807,
2025-12-10T08:51:59.830Z,1.285,3,1500,768x432,1.9337249999999813,3806,
2025-12-10T08:52:00.509Z,1.276,3,1500,768x432,1.9628139999999803,3813,
2025-12-10T08:52:01.201Z,0.987,3,1500,768x432,1.960217,3816,
2025-12-10T08:52:01.365Z,1.219,3,1500,768x432,1.9950960000000464,3816,
2025-12-10T08:52:02.047Z,1.195,3,1500,768x432,1.9171420000000126,3840,
2025-12-10T08:52:02.737Z,0.891,3,1500,768x432,1.9272169999999846,3836,
2025-12-10T08:52:02.878Z,1.329,3,1500,768x432,1.9816089999999917,3836,
2025-12-10T08:52:03.553Z,1.1,3,1500,768x432,1.912046000000032,3848,
2025-12-10T08:52:04.230Z,1.062,3,1500,768x432,1.924496999999974,3847,
2025-12-10T08:52:04.405Z,1.293,3,1500,768x432,1.9569450000000188,3847,
2025-12-10T08:52:05.167Z,1.003,3,1500,768x432,1.9916900000000055,3856,
2025-12-10T08:52:05.371Z,1.234,3,1500,768x432,1.9887820000000147,3857,
2025-12-10T08:52:06.052Z,1.208,3,1500,768x432,1.9105649999999628,3859,
2025-12-10T08:52:06.775Z,0.907,3,1500,768x432,1.9854390000000421,3860,
2025-12-10T08:52:06.957Z,1.14,3,1500,768x432,2.0006329999999934,3860,
2025-12-10T08:52:07.651Z,1.117,3,1500,768x432,1.909887000000026,3869,
2025-12-10T08:52:07.863Z,1.348,3,1500,768x432,1.9980899999999906,3865,
2025-12-10T08:52:08.552Z,1.056,3,1500,768x432,1.9197619999999915,3865,
2025-12-10T08:52:09.245Z,1.005,3,1500,768x432,1.911438999999973,3865,
2025-12-10T08:52:09.423Z,1.247,3,1500,768x432,1.9368029999999976,3865,
2025-12-10T08:52:10.132Z,0.958,3,1500,768x432,1.9310639999999921,3866,
2025-12-10T08:52:10.316Z,1.279,3,1500,768x432,1.9425549999999703,3862,
2025-12-10T08:52:11.001Z,1.155,3,1500,768x432,1.9557029999999713,3861,
2025-12-10T08:52:11.705Z,0.863,3,1500,768x432,1.9559300000000235,3861,
2025-12-10T08:52:11.888Z,1.314,3,1500,768x432,1.9710509999999886,3861,
2025-12-10T08:52:12.571Z,1.074,3,1500,768x432,1.998000999999988,3881,
2025-12-10T08:52:12.754Z,1.502,3,1500,768x432,1.9095629999999915,3876,
2025-12-10T08:52:13.445Z,1.263,3,1500,768x432,1.919306000000006,3886,
2025-12-10T08:52:14.133Z,0.974,3,1500,768x432,1.931933000000015,3888,
2025-12-10T08:52:14.325Z,1.281,3,1500,768x432,1.9352710000000002,3896,
2025-12-10T08:52:14.986Z,1.172,3,1500,768x432,1.9703249999999457,3900,
2025-12-10T08:52:15.629Z,1.141,3,1500,768x432,1.9337569999999573,3906,
2025-12-10T08:52:15.783Z,1.347,3,1500,768x432,1.9749669999999924,3921,
2025-12-10T08:52:16.457Z,1.331,3,1500,768x432,2.0079849999999624,3933,
2025-12-10T08:52:17.143Z,1.051,3,1500,768x432,1.9200849999999718,3948,
2025-12-10T08:52:17.623Z,1.023,3,1500,768x432,1.9502330000000256,3958,
2025-12-10T08:52:18.115Z,0.983,3,1500,768x432,1.9468089999999734,3607,
2025-12-10T08:52:18.596Z,1.211,3,1500,768x432,1.9817290000000298,3295,
2025-12-10T08:52:19.067Z,1.203,3,1500,768x432,2.0009900000000016,3034,
2025-12-10T08:52:19.560Z,1.155,3,1500,768x432,1.9982370000000174,2793,
2025-12-10T08:52:20.469Z,0.855,3,1500,768x432,2.0010770000000093,2683,
2025-12-10T08:52:20.916Z,0.753,3,1500,768x432,1.9451449999999681,2683,
2025-12-10T08:52:21.453Z,0.793,3,1500,768x432,1.9172889999999825,2227,
2025-12-10T08:52:21.530Z,1.117,2,1000,640x360,1.9407790000000205,2182,
2025-12-10T08:52:21.902Z,0.775,2,1000,640x360,1.964934000000028,2182,
2025-12-10T08:52:22.236Z,1.005,2,1000,640x360,1.9329099999999926,2071,
2025-12-10T08:52:22.608Z,0.991,2,1000,640x360,1.9707400000000348,1987,
2025-12-10T08:52:22.962Z,1.208,2,1000,640x360,2.0110480000000166,1893,
2025-12-10T08:52:23.978Z,0.63,2,1000,640x360,1.9901249999999777,1826,
2025-12-10T08:52:24.361Z,0.801,2,1000,640x360,1.9988900000000172,1719,
2025-12-10T08:52:24.686Z,1.1,2,1000,640x360,1.9814600000000269,1678,
2025-12-10T08:52:25.031Z,1.078,2,1000,640x360,1.9317709999999693,1635,
2025-12-10T08:52:25.948Z,0.788,2,1000,640x360,1.9238600000000474,1615,
2025-12-10T08:52:26.372Z,0.745,2,1000,640x360,1.989264999999989,1615,
2025-12-10T08:52:26.808Z,0.958,2,1000,640x360,1.9643540000000144,1468,
2025-12-10T08:52:26.878Z,1.227,1,600,480x270,2.002816999999993,1448,
2025-12-10T08:52:27.144Z,0.954,1,600,480x270,1.9286769999999933,1448,
2025-12-10T08:52:27.409Z,1.186,1,600,480x270,1.9500960000000305,1416,
2025-12-10T08:52:28.171Z,1.152,1,600,480x270,1.9930190000000039,1389,
2025-12-10T08:52:28.433Z,1.139,1,600,480x270,1.9402039999999943,1363,
2025-12-10T08:52:29.204Z,1.088,1,600,480x270,1.9598420000000374,1341,
2025-12-10T08:52:29.456Z,1.328,1,600,480x270,2.0074900000000184,1318,
2025-12-10T08:52:30.204Z,1.034,1,600,480x270,1.9542809999999804,1298,
2025-12-10T08:52:30.447Z,1.254,1,600,480x270,1.919115999999974,1283,
2025-12-10T08:52:31.191Z,0.962,1,600,480x270,1.9838170000000446,1264,
2025-12-10T08:52:31.448Z,1.204,1,600,480x270,1.9168279999999527,1253,
2025-12-10T08:52:32.226Z,0.915,1,600,480x270,1.9400830000000155,1237,
2025-12-10T08:52:32.514Z,1.128,1,600,480x270,1.95332099999996,1226,
2025-12-10T08:52:33.319Z,0.843,1,600,480x270,1.9451499999999555,1218,
2025-12-10T08:52:33.596Z,1.023,1,600,480x270,1.9686699999999746,1218,
2025-12-10T08:52:33.862Z,1.318,1,600,480x270,1.997430999999949,1192,
2025-12-10T08:52:34.625Z,1.03,1,600,480x270,1.9505310000000122,1191,
2025-12-10T08:52:34.880Z,1.25,1,600,480x270,1.9838829999999916,1181,
2025-12-10T08:52:35.637Z,0.963,1,600,480x270,1.9500810000000115,1178,
2025-12-10T08:52:35.894Z,1.189,1,600,480x270,1.9783009999999877,1174,
2025-12-10T08:52:36.656Z,1.15,1,600,480x270,2.0041400000000067,1167,
2025-12-10T08:52:36.907Z,1.204,1,600,480x270,1.9511760000000322,1161,
2025-12-10T08:52:37.670Z,1.093,1,600,480x270,2.00597700000003,1159,
2025-12-10T08:52:37.952Z,1.327,1,600,480x270,1.908721000000014,1159,
2025-12-10T08:52:38.737Z,1.035,1,600,480x270,1.9307000000000016,1148,
2025-12-10T08:52:39.008Z,1.274,1,600,480x270,1.9685759999999846,1147,
2025-12-10T08:52:39.797Z,0.989,1,600,480x270,1.975246000000027,1144,
2025-12-10T08:52:40.086Z,1.208,1,600,480x270,1.9835949999999798,1144,
2025-12-10T08:52:40.338Z,1.401,1,600,480x270,1.9250299999999925,1126,
2025-12-10T08:52:41.124Z,1.134,1,600,480x270,1.9319259999999758,1124,
2025-12-10T08:52:41.337Z,1.294,1,600,480x270,1.919146000000012,1117,
2025-12-10T08:52:42.061Z,1.074,1,600,480x270,2.0013399999999706,1112,
2025-12-10T08:52:42.782Z,0.791,1,600,480x270,1.9855949999999893,1112,
2025-12-10T08:52:43.012Z,1.29,1,600,480x270,1.9566659999999843,1112,
2025-12-10T08:52:43.924Z,0.732,1,600,480x270,1.9526409999999714,1104,
2025-12-10T08:52:44.236Z,0.888,1,600,480x270,1.933448999999996,1104,
2025-12-10T08:52:44.508Z,1.185,1,600,480x270,1.9530410000000415,1091,
2025-12-10T08:52:45.288Z,0.884,1,600,480x270,1.9694969999999898,1094,
2025-12-10T08:52:45.555Z,1.125,1,600,480x270,2.006167000000005,1094,
2025-12-10T08:52:46.321Z,0.823,1,600,480x270,1.9380680000000439,1091,
2025-12-10T08:52:46.601Z,1.066,1,600,480x270,1.970708000000002,1091,
2025-12-10T08:52:46.837Z,1.306,1,600,480x270,1.9347480000000132,1086,
2025-12-10T08:52:47.620Z,1.02,1,600,480x270,1.9610799999999813,1082,
2025-12-10T08:52:47.888Z,1.247,1,600,480x270,1.9817920000000413,1087,
2025-12-10T08:52:48.666Z,0.962,1,600,480x270,2.023106999999982,1079,
2025-12-10T08:52:48.934Z,1.147,1,600,480x270,1.9361619999999675,1078,
2025-12-10T08:52:49.720Z,0.871,1,600,480x270,1.9480989999999565,1074,
2025-12-10T08:52:49.944Z,1.35,1,600,480x270,1.916956999999968,1073,
2025-12-10T08:52:50.692Z,1.079,1,600,480x270,1.9834519999999998,1072,
2025-12-10T08:52:50.917Z,1.276,1,600,480x270,1.9433769999999981,1070,
2025-12-10T08:52:51.664Z,1.022,1,600,480x270,2.0157720000000268,1068,
2025-12-10T08:52:51.930Z,1.164,1,600,480x270,1.9481529999999907,1066,
2025-12-10T08:52:52.699Z,0.969,1,600,480x270,1.989485000000002,1065,
2025-12-10T08:52:52.974Z,1.197,1,600,480x270,2.0013980000000515,1063,
2025-12-10T08:52:53.789Z,0.891,1,600,480x270,1.9755719999999997,1060,
2025-12-10T08:52:54.117Z,0.999,1,600,480x270,1.9403350000000046,1066,
2025-12-10T08:52:54.423Z,1.145,1,600,480x270,1.9360279999999648,1058,
2025-12-10T08:52:55.200Z,1.064,1,600,480x270,1.9596559999999954,1057,
2025-12-10T08:52:55.488Z,1.295,1,600,480x270,1.9888569999999959,1057,
2025-12-10T08:52:56.251Z,0.993,1,600,480x270,1.9108279999999809,1056,
2025-12-10T08:52:56.528Z,1.225,1,600,480x270,1.9440569999999866,1056,
2025-12-10T08:52:57.313Z,0.938,1,600,480x270,1.9490580000000364,1055,
2025-12-10T08:52:57.660Z,0.904,1,600,480x270,2.0010389999999916,1055,
2025-12-10T08:52:57.971Z,1.141,1,600,480x270,1.9890440000000353,1013,
2025-12-10T08:52:58.846Z,0.843,1,600,480x270,1.9185240000000476,1006,
2025-12-10T08:52:59.343Z,0.805,1,600,480x270,1.915661,978,
2025-12-10T08:52:59.715Z,1.037,1,600,480x270,1.9619600000000332,917,
2025-12-10T08:53:00.101Z,1.017,1,600,480x270,1.961072999999999,890,
2025-12-10T08:53:00.766Z,0.997,1,600,480x270,2.0092460000000187,853,
2025-12-10T08:53:01.012Z,1.088,1,600,480x270,1.9603860000000282,816,
2025-12-10T08:53:01.741Z,0.917,1,600,480x270,1.9236460000000193,837,
2025-12-10T08:53:01.968Z,1.15,1,600,480x270,1.9931809999999928,837,
2025-12-10T08:53:02.698Z,1.129,1,600,480x270,1.9636959999999704,910,
2025-12-10T08:53:02.819Z,1.283,1,600,480x270,1.9515089999999873,914,
2025-12-10T08:53:03.460Z,1.326,1,600,480x270,2.005398000000014,928,
2025-12-10T08:53:04.143Z,1.035,1,600,480x270,1.9142209999999977,939,
2025-12-10T08:53:04.436Z,1.265,1,600,480x270,1.9312360000000126,942,
2025-12-10T08:53:05.203Z,0.966,1,600,480x270,1.9568080000000236,955,
2025-12-10T08:53:05.469Z,1.203,1,600,480x270,1.9880269999999882,961,
2025-12-10T08:53:06.227Z,0.907,1,600,480x270,1.93059999999997,969,
2025-12-10T08:53:06.475Z,1.143,1,600,480x270,1.9857700000000023,975,
2025-12-10T08:53:07.520Z,0.586,1,600,480x270,1.9493049999999812,980,
2025-12-10T08:53:07.874Z,0.739,1,600,480x270,1.993945999999994,993,
2025-12-10T08:53:08.095Z,1.047,1,600,480x270,1.9724860000000035,993,
2025-12-10T08:53:08.273Z,1.373,1,600,480x270,1.9904730000000086,1007,
2025-12-10T08:53:08.966Z,1.261,1,600,480x270,2.008025000000032,1001,
2025-12-10T08:53:09.676Z,0.978,1,600,480x270,2.0040220000000204,1006,
2025-12-10T08:53:09.923Z,1.202,1,600,480x270,1.955329000000006,1007,
2025-12-10T08:53:10.713Z,0.896,1,600,480x270,1.9542959999999994,1011,
2025-12-10T08:53:10.984Z,1.127,1,600,480x270,1.974012000000016,1016,
2025-12-10T08:53:11.701Z,1.101,1,600,480x270,1.9621960000000058,1016,
2025-12-10T08:53:12.026Z,1.064,1,600,480x270,1.9319859999999949,1015,
2025-12-10T08:53:12.880Z,0.774,1,600,480x270,1.9891060000000493,1019,
2025-12-10T08:53:13.218Z,0.999,1,600,480x270,1.9463949999999954,1019,
2025-12-10T08:53:13.573Z,1.23,1,600,480x270,2.0095610000000192,1028,
2025-12-10T08:53:13.899Z,1.203,1,600,480x270,1.9709139999999934,1027,
2025-12-10T08:53:14.679Z,0.898,1,600,480x270,1.992008999999996,1033,
2025-12-10T08:53:14.924Z,1.141,1,600,480x270,1.9377870000000144,1032,
2025-12-10T08:53:15.710Z,1.111,1,600,480x270,1.951012999999989,1031,
2025-12-10T08:53:15.976Z,1.273,1,600,480x270,1.9824049999999716,1034,
2025-12-10T08:53:16.727Z,1.05,1,600,480x270,1.9505059999999617,1036,
2025-12-10T08:53:16.908Z,1.163,1,600,480x270,1.956686999999988,1038,
2025-12-10T08:53:17.605Z,0.999,1,600,480x270,1.975603000000035,1037,
2025-12-10T08:53:17.814Z,1.44,1,600,480x270,1.9645510000000286,1039,
2025-12-10T08:53:18.687Z,0.922,1,600,480x270,1.9812200000000075,1038,
2025-12-10T08:53:19.082Z,1.152,1,600,480x270,1.9885419999999954,1041,
2025-12-10T08:53:19.361Z,1.383,1,600,480x270,1.998104000000012,1040,
2025-12-10T08:53:20.114Z,1.091,1,600,480x270,1.9416550000000257,1041,
2025-12-10T08:53:20.420Z,1.322,1,600,480x270,1.943460000000016,1042,
2025-12-10T08:53:21.205Z,1.032,1,600,480x270,1.9574570000000335,1041,
2025-12-10T08:53:21.482Z,1.265,1,600,480x270,1.9841799999999807,1043,
2025-12-10T08:53:22.248Z,0.975,1,600,480x270,1.9111800000000017,1041,
2025-12-10T08:53:22.503Z,1.202,1,600,480x270,1.9803170000000136,1040,
2025-12-10T08:53:23.249Z,0.915,1,600,480x270,1.9178570000000263,1040,
2025-12-10T08:53:23.487Z,1.124,1,600,480x270,1.9814879999999562,1040,
2025-12-10T08:53:24.255Z,0.838,1,600,480x270,1.9008310000000392,1042,
2025-12-10T08:53:24.526Z,1.088,1,600,480x270,1.9488020000000006,1043,
2025-12-10T08:53:25.335Z,0.769,1,600,480x270,1.9194699999999898,1043,
2025-12-10T08:53:25.656Z,1.028,1,600,480x270,2.015299999999968,1043,
2025-12-10T08:53:25.937Z,1.251,1,600,480x270,1.9297189999999773,1045,
2025-12-10T08:53:26.690Z,0.969,1,600,480x270,1.990062000000023,1043,
2025-12-10T08:53:26.951Z,1.2,1,600,480x270,1.9204960000000142,1039,
2025-12-10T08:53:27.718Z,0.89,1,600,480x270,1.9474329999999895,1038,
2025-12-10T08:53:28.057Z,1.123,1,600,480x270,2.001076000000012,1039,
2025-12-10T08:53:28.840Z,0.832,1,600,480x270,1.9216690000000085,1037,
2025-12-10T08:53:29.070Z,1.061,1,600,480x270,1.999797000000001,1037,
2025-12-10T08:53:29.334Z,1.245,1,600,480x270,1.928169999999966,1032,
2025-12-10T08:53:30.133Z,1.003,1,600,480x270,1.9364290000000324,1035,
2025-12-10T08:53:30.386Z,1.23,1,600,480x270,1.978904,1038,
2025-12-10T08:53:31.133Z,0.934,1,600,480x270,1.9295610000000352,1035,
2025-12-10T08:53:31.389Z,1.43,1,600,480x270,1.9720370000000003,1036,
2025-12-10T08:53:32.151Z,1.138,1,600,480x270,1.9104550000000131,1037,
2025-12-10T08:53:32.427Z,1.372,1,600,480x270,1.9422030000000063,1043,
2025-12-10T08:53:33.123Z,1.066,1,600,480x270,1.9406140000000391,1038,
2025-12-10T08:53:33.289Z,1.281,1,600,480x270,1.97723000000002,1039,
2025-12-10T08:53:33.976Z,1.289,1,600,480x270,1.98628599999995,1040,
2025-12-10T08:53:34.805Z,1.001,1,600,480x270,1.9761080000000106,1038,
2025-12-10T08:53:35.308Z,0.96,1,600,480x270,1.9498249999999757,1039,
2025-12-10T08:53:35.670Z,0.92,1,600,480x270,1.9917810000000031,1042,
2025-12-10T08:53:35.873Z,1.262,1,600,480x270,1.9930030000000443,1044,
2025-12-10T08:53:36.592Z,1.132,1,600,480x270,1.9755370000000312,1046,
2025-12-10T08:53:36.816Z,1.359,1,600,480x270,1.9437849999999912,1044,
2025-12-10T08:53:37.578Z,1.071,1,600,480x270,1.9920329999999922,1047,
2025-12-10T08:53:37.756Z,1.477,1,600,480x270,2.007947999999999,1048,
2025-12-10T08:53:38.558Z,1.253,1,600,480x270,2.0171890000000303,1048,
2025-12-10T08:53:39.483Z,0.699,1,600,480x270,1.979961000000003,1049,
2025-12-10T08:53:39.817Z,0.786,1,600,480x270,1.9375860000000102,1049,
2025-12-10T08:53:40.087Z,1.159,1,600,480x270,1.9753049999999917,1051,
2025-12-10T08:53:40.381Z,1.406,1,600,480x270,1.9741489999999544,1049,
2025-12-10T08:53:41.125Z,1.101,1,600,480x270,1.932787000000019,1049,
2025-12-10T08:53:41.390Z,1.328,1,600,480x270,1.9706260000000384,1048,
2025-12-10T08:53:42.153Z,1.038,1,600,480x270,1.9081960000000322,1047,
2025-12-10T08:53:42.354Z,1.208,1,600,480x270,1.9062099999999873,1042,
2025-12-10T08:53:43.041Z,1.253,1,600,480x270,1.9245030000000156,1043,
2025-12-10T08:53:43.797Z,0.977,1,600,480x270,1.9781380000000013,1043,
2025-12-10T08:53:44.194Z,0.928,1,600,480x270,1.9750779999999963,1043,
2025-12-10T08:53:44.565Z,1.045,1,600,480x270,1.9954160000000343,1044,
2025-12-10T08:53:44.802Z,1.387,1,600,480x270,1.9596940000000131,1042,
2025-12-10T08:53:45.529Z,1.103,1,600,480x270,1.938968999999986,1042,
2025-12-10T08:53:46.278Z,0.795,1,600,480x270,1.9777599999999893,1042,
2025-12-10T08:53:46.536Z,1.044,1,600,480x270,1.936269999999979,1042,
2025-12-10T08:53:47.276Z,1.002,1,600,480x270,1.9949349999999981,1042,
2025-12-10T08:53:47.456Z,1.172,1,600,480x270,2.0015999999999963,1042,
2025-12-10T08:53:48.198Z,0.938,1,600,480x270,1.9585590000000366,1042,
2025-12-10T08:53:48.424Z,1.163,1,600,480x270,1.9390839999999798,1039,
2025-12-10T08:53:49.205Z,0.875,1,600,480x270,1.9521050000000173,1041,
2025-12-10T08:53:49.422Z,1.357,1,600,480x270,1.943458000000021,1038,
2025-12-10T08:53:50.177Z,1.079,1,600,480x270,1.9788490000000252,1037,
2025-12-10T08:53:50.891Z,0.777,1,600,480x270,1.973702000000003,1040,
2025-12-10T08:53:51.205Z,1.019,1,600,480x270,1.9662220000000161,1045,
2025-12-10T08:53:51.453Z,1.176,1,600,480x270,1.9039710000000127,1045,
2025-12-10T08:53:52.165Z,0.949,1,600,480x270,1.9993259999999964,1045,
2025-12-10T08:53:52.480Z,1.176,1,600,480x270,1.988837999999987,1044,
2025-12-10T08:53:53.295Z,0.878,1,600,480x270,1.968289000000027,1044,
2025-12-10T08:53:53.472Z,1.129,1,600,480x270,1.996674999999982,1044,
2025-12-10T08:53:54.230Z,1.082,1,600,480x270,1.9396640000000502,1046,
2025-12-10T08:53:54.498Z,1.204,1,600,480x270,1.9709139999999934,1046,
2025-12-10T08:53:55.281Z,1.03,1,600,480x270,1.980195999999978,1046,
2025-12-10T08:53:55.564Z,1.006,1,600,480x270,2.0000230000000556,1046,
2025-12-10T08:53:55.865Z,1.233,1,600,480x270,1.9951750000000175,1044,
2025-12-10T08:53:56.678Z,0.935,1,600,480x270,1.9864199999999528,1041,
2025-12-10T08:53:56.964Z,1.149,1,600,480x270,1.9988430000000221,1045,
2025-12-10T08:53:57.745Z,0.874,1,600,480x270,1.9285430000000474,1041,
2025-12-10T08:53:58.005Z,1.11,1,600,480x270,1.9517869999999675,1042,
2025-12-10T08:53:58.764Z,0.807,1,600,480x270,2.0067040000000134,1039,
2025-12-10T08:53:59.028Z,1.05,1,600,480x270,1.9319889999999873,1039,
2025-12-10T08:53:59.814Z,0.76,1,600,480x270,1.9600639999999885,1039,
2025-12-10T08:54:00.135Z,0.99,1,600,480x270,1.9326469999999745,1039,
2025-12-10T08:54:00.363Z,1.204,1,600,480x270,1.996200999999985,1035,
2025-12-10T08:54:01.157Z,0.929,1,600,480x270,2.0077610000000163,1035,
2025-12-10T08:54:01.416Z,1.165,1,600,480x270,1.9494249999999624,1034,
2025-12-10T08:54:02.175Z,1.119,1,600,480x270,1.9813930000000255,1032,
2025-12-10T08:54:02.433Z,1.136,1,600,480x270,1.928735999999958,1038,
2025-12-10T08:54:03.189Z,1.063,1,600,480x270,1.9693660000000364,1033,
2025-12-10T08:54:03.450Z,1.296,1,600,480x270,1.917492999999979,1037,
2025-12-10T08:54:04.206Z,0.99,1,600,480x270,1.9519920000000184,1039,
2025-12-10T08:54:04.474Z,1.227,1,600,480x270,2.0009970000000408,1039,
2025-12-10T08:54:05.323Z,0.946,1,600,480x270,1.9429910000000064,1041,
2025-12-10T08:54:05.608Z,1.167,1,600,480x270,1.9518940000000384,1045,
2025-12-10T08:54:05.862Z,1.311,1,600,480x270,1.9955469999999877,1044,
2025-12-10T08:54:06.655Z,1.115,1,600,480x270,1.9060180000000173,1044,
2025-12-10T08:54:06.878Z,1.229,1,600,480x270,1.9811000000000263,1044,
2025-12-10T08:54:07.618Z,1.052,1,600,480x270,1.961652000000015,1044,
2025-12-10T08:54:07.853Z,1.29,1,600,480x270,1.9150920000000156,1044,
2025-12-10T08:54:08.570Z,1.239,1,600,480x270,2.008305000000007,1044,
2025-12-10T08:54:08.748Z,1.384,1,600,480x270,1.926087999999993,1044,
2025-12-10T08:54:09.290Z,1.461,1,600,480x270,1.9773160000000303,1043,
2025-12-10T08:54:10.363Z,0.88,1,600,480x270,1.993583000000001,1040,
2025-12-10T08:54:10.769Z,0.86,1,600,480x270,1.999746000000016,1045,
2025-12-10T08:54:11.045Z,1.091,1,600,480x270,1.9123500000000035,1043,
2025-12-10T08:54:11.828Z,0.805,1,600,480x270,1.9420709999999985,1044,
2025-12-10T08:54:12.086Z,1.031,1,600,480x270,1.973355999999967,1044,
2025-12-10T08:54:12.337Z,1.25,1,600,480x270,1.9183739999999716,1044,
2025-12-10T08:54:13.104Z,0.96,1,600,480x270,1.9551799999999844,1044,
2025-12-10T08:54:13.372Z,1.191,1,600,480x270,1.9855780000000323,1044,
2025-12-10T08:54:14.142Z,1.171,1,600,480x270,1.9177679999999668,1044,
2025-12-10T08:54:14.421Z,1.301,1,600,480x270,1.9428839999999923,1044,
2025-12-10T08:54:15.150Z,1.102,1,600,480x270,1.9087000000000103,1046,
2025-12-10T08:54:15.399Z,1.192,1,600,480x270,1.9682999999999993,1046,
2025-12-10T08:54:16.150Z,1.039,1,600,480x270,1.9098239999999578,1049,
2025-12-10T08:54:16.413Z,1.27,1,600,480x270,1.9468639999999482,1051,
2025-12-10T08:54:17.182Z,0.986,1,600,480x270,1.9806499999999687,1049,
2025-12-10T08:54:17.459Z,1.213,1,600,480x270,2.0074829999999793,1051,
2025-12-10T08:54:18.229Z,0.92,1,600,480x270,1.9404930000000036,1051,
2025-12-10T08:54:18.494Z,1.155,1,600,480x270,1.9754159999999956,1051,
2025-12-10T08:54:19.270Z,0.854,1,600,480x270,1.9891680000000065,1051,
2025-12-10T08:54:19.556Z,1.09,1,600,480x270,2.002802000000031,1051,
2025-12-10T08:54:20.205Z,1.059,1,600,480x270,1.9502459999999928,1052,
2025-12-10T08:54:20.362Z,1.292,1,600,480x270,1.999040999999977,1052,
2025-12-10T08:54:21.319Z,0.998,1,600,480x270,1.9366660000000024,1051,
2025-12-10T08:54:21.682Z,0.987,1,600,480x270,1.995730999999978,1051,
2025-12-10T08:54:21.956Z,1.147,1,600,480x270,2.0097429999999576,1052,
2025-12-10T08:54:22.723Z,0.905,1,600,480x270,1.9411969999999883,1052,
2025-12-10T08:54:22.978Z,1.137,1,600,480x270,1.9812539999999785,1052,
2025-12-10T08:54:23.742Z,0.847,1,600,480x270,1.9239760000000388,1051,
2025-12-10T08:54:24.013Z,1.077,1,600,480x270,1.946235999999999,1052,
2025-12-10T08:54:24.786Z,0.782,1,600,480x270,1.984532999999999,1051,
2025-12-10T08:54:25.091Z,1.014,1,600,480x270,1.9710259999999948,1051,
2025-12-10T08:54:25.400Z,1.245,1,600,480x270,1.966893999999968,1042,
2025-12-10T08:54:26.139Z,0.947,1,600,480x270,1.9219289999999773,1045,
2025-12-10T08:54:26.405Z,1.175,1,600,480x270,1.9527350000000183,1041,
2025-12-10T08:54:27.163Z,1.171,1,600,480x270,2.006969999999967,1040,
2025-12-10T08:54:27.431Z,1.216,1,600,480x270,1.9335669999999823,1040,
2025-12-10T08:54:28.201Z,1.087,1,600,480x270,1.9592030000000022,1038,
2025-12-10T08:54:28.491Z,1.12,1,600,480x270,1.9695059999999671,1040,
2025-12-10T08:54:29.160Z,1.025,1,600,480x270,2.000345999999979,1038,
2025-12-10T08:54:29.349Z,1.255,1,600,480x270,1.9108439999999973,1038,
2025-12-10T08:54:30.094Z,1.235,1,600,480x270,1.9669489999999996,1036,
2025-12-10T08:54:30.253Z,1.313,1,600,480x270,1.9128939999999943,1042,
2025-12-10T08:54:30.931Z,1.179,1,600,480x270,1.9454049999999938,1038,
2025-12-10T08:54:31.654Z,1.143,1,600,480x270,1.917714999999987,1040,
2025-12-10T08:54:32.020Z,1.105,1,600,480x270,1.9437020000000302,1046,
2025-12-10T08:54:32.853Z,0.812,1,600,480x270,1.9117700000000468,1046,
2025-12-10T08:54:33.198Z,0.911,1,600,480x270,1.9578779999999938,1046,
2025-12-10T08:54:33.546Z,1.058,1,600,480x270,1.9229109999999991,1048,
2025-12-10T08:54:34.367Z,0.717,1,600,480x270,1.9940690000000245,1049,
2025-12-10T08:54:34.774Z,0.975,1,600,480x270,2.00969299999997,1049,
2025-12-10T08:54:35.031Z,1.113,1,600,480x270,1.942387999999994,1053,
2025-12-10T08:54:35.787Z,0.886,1,600,480x270,1.9762029999999982,1052,
2025-12-10T08:54:36.057Z,1.118,1,600,480x270,2.0010090000000105,1052,
2025-12-10T08:54:36.881Z,0.829,1,600,480x270,1.990562999999952,1052,
2025-12-10T08:54:37.169Z,0.899,1,600,480x270,1.987955999999997,1052,
2025-12-10T08:54:37.413Z,1.288,1,600,480x270,1.9513729999999896,1003,
2025-12-10T08:54:38.191Z,0.997,1,600,480x270,1.976838999999984,999,
2025-12-10T08:54:38.438Z,1.226,1,600,480x270,1.9349369999999908,978,
2025-12-10T08:54:39.385Z,0.943,1,600,480x270,1.9770980000000122,969,
2025-12-10T08:54:39.801Z,0.889,1,600,480x270,1.9563489999999888,948,
2025-12-10T08:54:40.164Z,1.028,1,600,480x270,1.999447000000032,928,
2025-12-10T08:54:40.559Z,1.11,1,600,480x270,2.0019340000000057,917,
2025-12-10T08:54:41.456Z,0.812,1,600,480x270,2.008619999999951,906,
2025-12-10T08:54:41.804Z,0.78,1,600,480x270,1.9611670000000458,906,
2025-12-10T08:54:42.215Z,1.018,1,600,480x270,1.9506450000000086,879,
2025-12-10T08:54:42.535Z,1.242,1,600,480x270,1.9388179999999693,876,
2025-12-10T08:54:43.297Z,0.952,1,600,480x270,1.9620919999999842,867,
2025-12-10T08:54:43.606Z,1.183,1,600,480x270,1.9614389999999844,867,
2025-12-10T08:54:43.958Z,1.15,1,600,480x270,2.000490999999954,850,
2025-12-10T08:54:45.507Z,0.038,1,600,480x270,2.1603979999999865,855,rebuffer happen
2025-12-10T08:54:45.515Z,0.028,1,600,480x270,2.1503420000000233,855,rebuffer happen
2025-12-10T08:54:45.751Z,0.371,1,600,480x270,2.212110999999993,855,
2025-12-10T08:54:46.000Z,0.571,1,600,480x270,2.1881079999999997,945,
2025-12-10T08:54:46.268Z,0.731,1,600,480x270,2.151648000000023,945,
2025-12-10T08:54:46.531Z,0.948,1,600,480x270,2.083630000000028,997,
2025-12-10T08:54:46.764Z,1.161,1,600,480x270,2.1030779999999822,1002,
2025-12-10T08:54:47.027Z,1.372,1,600,480x270,2.0052269999999908,1002,
2025-12-10T08:54:47.299Z,1.587,1,600,480x270,2.0075390000000084,1027,
2025-12-10T08:54:47.574Z,1.795,1,600,480x270,2.0257550000000037,1027,
2025-12-10T08:54:47.889Z,1.959,1,600,480x270,1.986157999999989,1051,
2025-12-10T08:54:48.388Z,1.957,1,600,480x270,1.9764299999999935,1051,
2025-12-10T08:54:48.886Z,1.956,1,600,480x270,1.9762920000000008,1074,
2025-12-10T08:54:49.384Z,1.953,1,600,480x270,1.9781490000000304,1076,
2025-12-10T08:54:49.891Z,1.947,1,600,480x270,1.9758770000000254,1084,
2025-12-10T08:54:50.386Z,1.951,1,600,480x270,1.9696010000000115,1094,
2025-12-10T08:54:50.887Z,1.941,1,600,480x270,1.9718290000000138,1098,
2025-12-10T08:54:51.392Z,1.939,1,600,480x270,1.9751379999999585,1102,
2025-12-10T08:54:51.886Z,1.937,1,600,480x270,1.979058000000009,1108,
2025-12-10T08:54:52.440Z,1.927,1,600,480x270,1.9216480000000047,1123,
2025-12-10T08:54:52.886Z,1.954,1,600,480x270,1.9811050000000137,1137,
2025-12-10T08:54:53.387Z,1.949,1,600,480x270,1.9781889999999862,1132,
2025-12-10T08:54:53.885Z,1.952,1,600,480x270,1.9768480000000181,1160,
2025-12-10T08:54:54.385Z,1.95,1,600,480x270,1.9808570000000145,1167,
2025-12-10T08:54:54.888Z,1.948,1,600,480x270,1.970103999999992,1199,
2025-12-10T08:54:55.388Z,1.95,1,600,480x270,1.9753869999999552,1197,
2025-12-10T08:54:55.895Z,1.945,1,600,480x270,1.9661249999999768,1205,
2025-12-10T08:54:56.402Z,1.913,1,600,480x270,1.9603030000000103,1200,
2025-12-10T08:54:56.886Z,1.952,1,600,480x270,1.9808920000000398,1212,
2025-12-10T08:54:57.386Z,1.949,1,600,480x270,1.9821799999999712,1228,
2025-12-10T08:54:57.887Z,1.956,1,600,480x270,1.980931000000055,1221,
2025-12-10T08:54:58.386Z,1.937,1,600,480x270,1.9781010000000379,1234,
2025-12-10T08:54:58.886Z,1.951,1,600,480x270,1.9778570000000855,1250,
2025-12-10T08:54:59.386Z,1.943,1,600,480x270,1.9759129999999914,1259,
2025-12-10T08:54:59.883Z,1.956,1,600,480x270,1.9817439999999351,1257,
2025-12-10T08:55:00.381Z,1.955,1,600,480x270,1.974476999999979,1271,
2025-12-10T08:55:00.905Z,1.932,1,600,480x270,1.9687249999999494,1268,
2025-12-10T08:55:01.386Z,1.95,1,600,480x270,1.9810879999999997,1272,
2025-12-10T08:55:01.880Z,1.959,1,600,480x270,1.9876030000000355,1275,
2025-12-10T08:55:02.389Z,1.942,1,600,480x270,1.9671900000000733,1274,
2025-12-10T08:55:02.885Z,1.955,1,600,480x270,1.975573000000054,1280,
2025-12-10T08:55:03.391Z,1.939,1,600,480x270,1.9725479999999607,1289,
2025-12-10T08:55:03.888Z,1.95,1,600,480x270,1.9750660000000835,1279,
2025-12-10T08:55:04.385Z,1.95,1,600,480x270,1.9785669999999982,1288,
2025-12-10T08:55:04.887Z,1.945,1,600,480x270,1.9680040000000645,1291,
2025-12-10T08:55:05.393Z,1.949,1,600,480x270,1.9682290000000648,1289,
2025-12-10T08:55:05.900Z,1.94,1,600,480x270,1.9606249999999363,1294,
2025-12-10T08:55:06.384Z,1.944,1,600,480x270,1.974619999999959,1297,
2025-12-10T08:55:06.889Z,1.958,1,600,480x270,1.9724280000000363,1302,
2025-12-10T08:55:07.384Z,1.936,1,600,480x270,1.983987999999954,1301,
2025-12-10T08:55:07.884Z,1.963,1,600,480x270,1.9908020000000306,1304,
2025-12-10T08:55:08.385Z,1.954,1,600,480x270,1.9829009999999698,1307,
2025-12-10T08:55:08.883Z,1.956,1,600,480x270,1.9919459999999845,1300,
2025-12-10T08:55:09.381Z,1.952,1,600,480x270,1.9895050000000083,1306,
2025-12-10T08:55:09.879Z,1.952,1,600,480x270,1.9904980000000023,1303,
2025-12-10T08:55:10.388Z,1.948,1,600,480x270,1.98074500000007,1300,
2025-12-10T08:55:10.912Z,1.928,1,600,480x270,1.9587399999999207,1304,
2025-12-10T08:55:11.446Z,1.885,1,600,480x270,1.9159970000000612,1310,
2025-12-10T08:55:11.896Z,1.947,1,600,480x270,1.9680550000000494,1314,
2025-12-10T08:55:12.390Z,1.948,1,600,480x270,1.9664229999999634,1312,
2025-12-10T08:55:12.888Z,1.94,1,600,480x270,1.9792879999999968,1316,
2025-12-10T08:55:13.395Z,1.911,1,600,480x270,1.966782999999964,1316,
2025-12-10T08:55:13.902Z,1.936,1,600,480x270,1.9624499999999898,1316,
2025-12-10T08:55:14.384Z,1.945,1,600,480x270,1.977950000000078,1312,
2025-12-10T08:55:14.900Z,1.946,1,600,480x270,1.9643029999999726,1314,
2025-12-10T08:55:15.386Z,1.948,1,600,480x270,1.9735030000000506,1315,
2025-12-10T08:55:15.885Z,1.951,1,600,480x270,1.9784149999999272,1310,
2025-12-10T08:55:16.387Z,1.948,1,600,480x270,1.9852710000000116,1311,
2025-12-10T08:55:16.885Z,1.946,1,600,480x270,1.9732529999999997,1315,
2025-12-10T08:55:17.400Z,1.916,1,600,480x270,1.95646899999997,1321,
2025-12-10T08:55:17.898Z,1.916,1,600,480x270,1.9564850000000433,1324,
2025-12-10T08:55:18.388Z,1.951,1,600,480x270,1.9709239999999681,1323,
2025-12-10T08:55:18.889Z,1.951,1,600,480x270,1.9709169999999858,1329,
2025-12-10T08:55:19.388Z,1.95,1,600,480x270,1.96855400000004,1326,
2025-12-10T08:55:19.887Z,1.955,1,600,480x270,1.9760390000000143,1335,
2025-12-10T08:55:20.390Z,1.939,1,600,480x270,1.9734159999999292,1335,
2025-12-10T08:55:20.884Z,1.955,1,600,480x270,1.9824960000000829,1344,
2025-12-10T08:55:21.388Z,1.948,1,600,480x270,1.974505000000022,1343,
2025-12-10T08:55:21.885Z,1.952,1,600,480x270,1.9786169999999856,1348,
2025-12-10T08:55:22.385Z,1.953,1,600,480x270,1.9824590000000626,1338,
2025-12-10T08:55:22.883Z,1.957,1,600,480x270,1.9854179999999815,1349,
2025-12-10T08:55:23.386Z,1.949,1,600,480x270,1.9787830000000213,1337,
2025-12-10T08:55:23.883Z,1.959,1,600,480x270,1.9857170000000224,1339,
2025-12-10T08:55:24.384Z,1.953,1,600,480x270,1.9809649999999692,1324,
2025-12-10T08:55:24.878Z,1.959,1,600,480x270,1.9897159999999303,1341,
2025-12-10T08:55:25.385Z,1.958,1,600,480x270,1.9845309999999472,1352,
2025-12-10T08:55:25.879Z,1.933,1,600,480x270,1.9821560000000318,1344,
2025-12-10T08:55:26.385Z,1.954,1,600,480x270,1.979223999999931,1337,
2025-12-10T08:55:26.887Z,1.95,1,600,480x270,1.9778210000000627,1369,
2025-12-10T08:55:27.385Z,1.929,1,600,480x270,1.9792860000000019,1387,
2025-12-10T08:55:27.904Z,1.963,1,600,480x270,1.9619900000000143,1381,
2025-12-10T08:55:28.406Z,1.933,1,600,480x270,1.9523900000000367,1399,
2025-12-10T08:55:28.884Z,1.961,1,600,480x270,1.9791260000000648,1408,
2025-12-10T08:55:29.384Z,1.953,1,600,480x270,1.9741639999999734,1396,
2025-12-10T08:55:29.887Z,1.951,1,600,480x270,1.970672000000036,1388,
2025-12-10T08:55:30.415Z,1.925,1,600,480x270,1.94337900000005,1398,
2025-12-10T08:55:30.914Z,1.926,1,600,480x270,1.943010000000072,1404,
2025-12-10T08:55:31.384Z,1.953,1,600,480x270,1.9874389999999948,1401,
2025-12-10T08:55:31.910Z,1.957,1,600,480x270,1.9619370000000345,1415,
2025-12-10T08:55:32.392Z,1.948,1,600,480x270,1.9755810000000338,1423,
2025-12-10T08:55:32.877Z,1.936,1,600,480x270,1.995677999999998,1426,
2025-12-10T08:55:33.387Z,1.928,1,600,480x270,1.9796720000000505,1431,
2025-12-10T08:55:33.888Z,1.927,1,600,480x270,1.9795939999999064,1455,
2025-12-10T08:55:34.390Z,1.924,1,600,480x270,1.9766909999999598,1417,
2025-12-10T08:55:34.893Z,1.946,1,600,480x270,1.9639099999999416,1416,
2025-12-10T08:55:35.407Z,1.935,1,600,480x270,1.962046999999984,1426,
2025-12-10T08:55:35.886Z,1.933,1,600,480x270,1.9812340000000859,1417,
2025-12-10T08:55:36.386Z,1.929,1,600,480x270,1.9783040000000938,1422,
2025-12-10T08:55:36.885Z,1.967,1,600,480x270,1.988157000000001,1405,
2025-12-10T08:55:37.388Z,1.927,1,600,480x270,1.9793230000000221,1440,
2025-12-10T08:55:37.888Z,1.94,1,600,480x270,1.9885530000000244,1408,
2025-12-10T08:55:38.383Z,1.932,1,600,480x270,1.9846239999999398,1421,
2025-12-10T08:55:38.882Z,1.936,1,600,480x270,1.9875220000000127,1418,
2025-12-10T08:55:39.407Z,1.95,1,600,480x270,1.9601340000000391,1411,
2025-12-10T08:55:39.885Z,1.953,1,600,480x270,1.9793030000000726,1432,
2025-12-10T08:55:40.384Z,1.954,1,600,480x270,1.9802190000000337,1412,
2025-12-10T08:55:40.885Z,1.958,1,600,480x270,1.9814030000000002,1403,
2025-12-10T08:55:41.388Z,1.948,1,600,480x270,1.9756459999999834,1426,
2025-12-10T08:55:41.884Z,1.963,1,600,480x270,1.9895400000000336,1427,
2025-12-10T08:55:42.378Z,1.958,1,600,480x270,1.9885399999999436,1432,
2025-12-10T08:55:42.888Z,1.927,1,600,480x270,1.9778179999999566,1426,
2025-12-10T08:55:43.385Z,1.953,1,600,480x270,1.980006000000003,1430,
2025-12-10T08:55:43.886Z,1.952,1,600,480x270,1.9698009999999613,1431,
2025-12-10T08:55:44.404Z,1.957,1,600,480x270,1.960519999999974,1437,
2025-12-10T08:55:44.915Z,1.959,1,600,480x270,1.9471079999999574,1445,
2025-12-10T08:55:45.389Z,1.952,1,600,480x270,1.9674239999999372,1445,
2025-12-10T08:55:45.931Z,1.913,1,600,480x270,1.9345989999999347,1453,
2025-12-10T08:55:46.433Z,1.928,1,600,480x270,1.9260209999999915,1467,
2025-12-10T08:55:46.884Z,1.935,1,600,480x270,1.972721999999976,1471,
2025-12-10T08:55:47.385Z,1.93,1,600,480x270,1.9864270000000488,1455,
2025-12-10T08:55:47.910Z,1.928,1,600,480x270,1.9466660000000502,1454,
2025-12-10T08:55:48.441Z,1.951,1,600,480x270,1.931320000000028,1454,
2025-12-10T08:55:48.886Z,1.955,1,600,480x270,1.9859010000000126,1458,
2025-12-10T08:55:49.411Z,1.953,1,600,480x270,1.961131000000023,1454,
2025-12-10T08:55:49.885Z,1.959,1,600,480x270,1.989270999999917,1456,
2025-12-10T08:55:50.386Z,1.95,1,600,480x270,1.9719010000000026,1442,
2025-12-10T08:55:50.886Z,1.964,1,600,480x270,1.9875389999999697,1440,
2025-12-10T08:55:51.384Z,1.956,1,600,480x270,1.9818200000000843,1449,
2025-12-10T08:55:51.887Z,1.951,1,600,480x270,1.9771310000000994,1445,
2025-12-10T08:55:52.384Z,1.952,1,600,480x270,1.9810730000000376,1438,
2025-12-10T08:55:52.884Z,1.956,1,600,480x270,1.9803510000000415,1442,
2025-12-10T08:55:53.382Z,1.951,1,600,480x270,1.977369000000067,1424,
2025-12-10T08:55:53.889Z,1.955,1,600,480x270,1.9767910000000484,1406,
2025-12-10T08:55:54.387Z,1.952,1,600,480x270,1.971074999999928,1374,
2025-12-10T08:55:54.885Z,1.964,1,600,480x270,1.986079000000018,1387,
2025-12-10T08:55:55.382Z,1.933,1,600,480x270,1.9781840000000557,1365,
2025-12-10T08:55:55.887Z,1.949,1,600,480x270,1.970737999999983,1342,
2025-12-10T08:55:56.382Z,1.944,1,600,480x270,1.9776679999999942,1340,
2025-12-10T08:55:56.884Z,1.952,1,600,480x270,1.9739580000000387,1336,
2025-12-10T08:55:57.382Z,1.95,1,600,480x270,1.973840999999993,1330,
2025-12-10T08:55:57.885Z,1.957,1,600,480x270,1.9809910000000173,1322,
2025-12-10T08:55:58.386Z,1.947,1,600,480x270,1.9699960000000374,1327,
2025-12-10T08:55:58.885Z,1.96,1,600,480x270,1.9920029999999542,1318,
2025-12-10T08:55:59.385Z,1.952,1,600,480x270,1.9836460000000216,1333,
2025-12-10T08:55:59.883Z,1.969,1,600,480x270,1.998691000000008,1335,
2025-12-10T08:56:00.378Z,1.953,1,600,480x270,1.9904759999999442,1358,
2025-12-10T08:56:00.883Z,1.953,1,600,480x270,1.9841940000000022,1375,
2025-12-10T08:56:01.384Z,1.952,1,600,480x270,1.9826410000000578,1382,
2025-12-10T08:56:01.884Z,1.958,1,600,480x270,1.986030000000028,1375,
2025-12-10T08:56:02.390Z,1.949,1,600,480x270,1.9753090000000384,1363,
2025-12-10T08:56:02.886Z,1.961,1,600,480x270,1.988693000000012,1358,
2025-12-10T08:56:03.381Z,1.949,1,600,480x270,1.9765499999999747,1353,
2025-12-10T08:56:03.882Z,1.969,1,600,480x270,1.9977099999999837,1340,
2025-12-10T08:56:04.385Z,1.951,1,600,480x270,1.983759999999961,1341,
2025-12-10T08:56:04.886Z,1.952,1,600,480x270,1.9817409999999427,1351,
2025-12-10T08:56:05.385Z,1.952,1,600,480x270,1.9801740000000336,1345,
2025-12-10T08:56:05.887Z,1.949,1,600,480x270,1.9713100000000168,1381,
2025-12-10T08:56:06.384Z,1.95,1,600,480x270,1.9815519999999651,1362,
2025-12-10T08:56:06.885Z,1.96,1,600,480x270,1.9854790000000548,1376,
2025-12-10T08:56:07.387Z,1.953,1,600,480x270,1.9738620000000537,1389,
2025-12-10T08:56:07.885Z,1.963,1,600,480x270,1.986611000000039,1382,
2025-12-10T08:56:08.391Z,1.926,1,600,480x270,1.9677399999999352,1411,
2025-12-10T08:56:08.887Z,1.971,1,600,480x270,1.9887559999999667,1402,
2025-12-10T08:56:09.386Z,1.958,1,600,480x270,1.9837049999999863,1411,
2025-12-10T08:56:09.887Z,1.957,1,600,480x270,1.9760860000000093,1402,
2025-12-10T08:56:10.386Z,1.951,1,600,480x270,1.970782999999983,1418,
2025-12-10T08:56:10.891Z,1.931,1,600,480x270,1.985275999999999,1409,
2025-12-10T08:56:11.385Z,1.95,1,600,480x270,1.9859099999999899,1425,
2025-12-10T08:56:11.899Z,1.949,1,600,480x270,1.9783700000000408,1413,
2025-12-10T08:56:12.383Z,1.936,1,600,480x270,1.9855940000001056,1448,
2025-12-10T08:56:12.890Z,1.947,1,600,480x270,1.9657499999999573,1431,
2025-12-10T08:56:13.383Z,1.954,1,600,480x270,1.9829690000000255,1422,
2025-12-10T08:56:13.885Z,1.943,1,600,480x270,1.9802940000000717,1449,
2025-12-10T08:56:14.388Z,1.95,1,600,480x270,1.976032000000032,1436,
2025-12-10T08:56:14.889Z,1.96,1,600,480x270,1.9791179999999713,1454,
2025-12-10T08:56:15.387Z,1.949,1,600,480x270,1.9788160000000516,1446,
2025-12-10T08:56:15.884Z,1.962,1,600,480x270,1.9857170000000224,1450,
2025-12-10T08:56:16.381Z,1.932,1,600,480x270,1.9783950000000914,1449,
2025-12-10T08:56:16.888Z,1.943,1,600,480x270,1.986317999999983,1443,
2025-12-10T08:56:17.387Z,1.952,1,600,480x270,1.9717269999999871,1457,
2025-12-10T08:56:17.886Z,1.953,1,600,480x270,1.971129000000019,1426,
2025-12-10T08:56:18.386Z,1.951,1,600,480x270,1.9692499999999882,1353,
2025-12-10T08:56:18.917Z,1.924,1,600,480x270,1.9453489999999647,1410,
2025-12-10T08:56:19.389Z,1.948,1,600,480x270,1.9716070000000627,1377,
2025-12-10T08:56:19.880Z,1.968,1,600,480x270,1.986315999999988,1416,
2025-12-10T08:56:20.436Z,1.908,1,600,480x270,1.931889999999953,1414,
2025-12-10T08:56:20.885Z,1.955,1,600,480x270,1.9790349999999535,1431,
2025-12-10T08:56:21.391Z,1.929,1,600,480x270,1.974063000000001,1438,
2025-12-10T08:56:21.889Z,1.948,1,600,480x270,1.9755400000000236,1442,
2025-12-10T08:56:22.388Z,1.93,1,600,480x270,1.9804599999999937,1428,
2025-12-10T08:56:22.884Z,1.957,1,600,480x270,1.9850900000000138,1387,
2025-12-10T08:56:23.382Z,1.955,1,600,480x270,1.9835749999999734,1419,
2025-12-10T08:56:23.907Z,1.962,1,600,480x270,1.9633110000000897,1420,
2025-12-10T08:56:24.376Z,1.958,1,600,480x270,1.989620000000059,1426,
2025-12-10T08:56:24.883Z,1.954,1,600,480x270,1.9856020000000854,1425,
2025-12-10T08:56:25.384Z,1.954,1,600,480x270,1.9844839999999522,1387,
2025-12-10T08:56:25.889Z,1.929,1,600,480x270,1.9665610000000697,1355,
2025-12-10T08:56:26.413Z,1.928,1,600,480x270,1.946452000000022,1310,
2025-12-10T08:56:26.916Z,1.924,1,600,480x270,1.9429030000000012,1331,
2025-12-10T08:56:27.415Z,1.951,1,600,480x270,1.9436469999999417,1296,
2025-12-10T08:56:27.884Z,1.959,1,600,480x270,1.9792129999999588,1303,
2025-12-10T08:56:28.385Z,1.952,1,600,480x270,1.973547999999937,1293,
2025-12-10T08:56:28.882Z,1.955,1,600,480x270,1.9753549999999223,1295,
2025-12-10T08:56:29.384Z,1.953,1,600,480x270,1.9768020000000206,1356,
2025-12-10T08:56:29.888Z,1.956,1,600,480x270,1.9775769999999966,1306,
2025-12-10T08:56:30.388Z,1.929,1,600,480x270,1.9695899999999256,1300,
2025-12-10T08:56:30.883Z,1.955,1,600,480x270,1.9746830000000273,1264,
2025-12-10T08:56:31.382Z,1.955,1,600,480x270,1.9742119999999659,1300,
2025-12-10T08:56:31.880Z,1.963,1,600,480x270,1.9952120000000377,1302,
2025-12-10T08:56:32.381Z,1.956,1,600,480x270,1.9852779999999939,1290,
2025-12-10T08:56:32.887Z,1.952,1,600,480x270,1.979669000000058,1280,
2025-12-10T08:56:33.373Z,1.922,1,600,480x270,1.9899580000000014,1276,
2025-12-10T08:56:33.874Z,1.97,1,600,480x270,1.9961640000000216,1195,
2025-12-10T08:56:34.420Z,1.92,1,600,480x270,1.936629000000039,1183,
2025-12-10T08:56:34.935Z,1.902,1,600,480x270,1.9264500000000453,1076,
2025-12-10T08:56:35.434Z,1.966,1,600,480x270,1.9322760000000017,1149,
2025-12-10T08:56:35.882Z,1.97,1,600,480x270,1.9833449999999857,1040,
2025-12-10T08:56:36.381Z,1.932,1,600,480x270,1.9772799999999506,954,
2025-12-10T08:56:36.901Z,1.955,1,600,480x270,1.9544550000000527,896,
2025-12-10T08:56:37.397Z,1.942,1,600,480x270,1.9607270000000199,959,
2025-12-10T08:56:37.897Z,1.892,1,600,480x270,1.9795629999999846,919,
2025-12-10T08:56:38.394Z,1.944,1,600,480x270,1.975353000000041,831,
2025-12-10T08:56:38.923Z,1.914,1,600,480x270,1.9375840000000153,773,
2025-12-10T08:56:39.390Z,1.941,1,600,480x270,1.9681299999999737,725,
2025-12-10T08:56:39.888Z,1.949,1,600,480x270,1.9775459999999612,717,
2025-12-10T08:56:40.420Z,1.918,1,600,480x270,1.937787999999955,678,
2025-12-10T08:56:40.497Z,1.918,0,200,320x180,1.9601129999999785,689,
2025-12-10T08:56:40.886Z,1.951,0,200,320x180,1.9732660000000806,689,
2025-12-10T08:56:41.403Z,1.963,0,200,320x180,1.9597410000000082,666,
2025-12-10T08:56:41.918Z,1.949,0,200,320x180,1.943316999999979,624,
2025-12-10T08:56:42.435Z,1.927,0,200,320x180,1.9276149999999461,625,
2025-12-10T08:56:42.861Z,1.989,0,200,320x180,2.0089369999999462,609,
2025-12-10T08:56:43.354Z,1.985,0,200,320x180,1.9111820000000534,636,
2025-12-10T08:56:43.915Z,1.955,0,200,320x180,1.9456199999999626,616,
2025-12-10T08:56:44.364Z,1.948,0,200,320x180,1.989500000000021,607,
2025-12-10T08:56:44.893Z,1.944,0,200,320x180,1.9742659999999432,633,
2025-12-10T08:56:45.359Z,1.955,0,200,320x180,2.000126000000023,577,
2025-12-10T08:56:45.895Z,1.978,0,200,320x180,1.966927999999939,595,
2025-12-10T08:56:46.377Z,1.903,0,200,320x180,1.988236000000029,622,
2025-12-10T08:56:46.862Z,1.971,0,200,320x180,1.9994440000000395,603,
2025-12-10T08:56:47.361Z,1.972,0,200,320x180,2.00033899999994,591,
2025-12-10T08:56:47.969Z,1.814,0,200,320x180,1.9914589999999635,579,
2025-12-10T08:56:49.281Z,1.056,0,200,320x180,1.9896989999999732,567,
2025-12-10T08:56:49.689Z,1.184,0,200,320x180,1.97649100000001,584,
2025-12-10T08:56:50.040Z,1.276,0,200,320x180,1.9209069999999429,606,
2025-12-10T08:56:50.484Z,1.402,0,200,320x180,1.9824490000000878,596,
2025-12-10T08:56:50.825Z,1.52,0,200,320x180,1.9450890000000527,596,
2025-12-10T08:56:51.199Z,1.639,0,200,320x180,1.9596260000000711,617,
2025-12-10T08:56:51.590Z,1.726,0,200,320x180,1.9785180000000082,637,
2025-12-10T08:56:52.014Z,1.848,0,200,320x180,1.9417369999999892,609,
2025-12-10T08:56:52.404Z,1.961,0,200,320x180,1.9623169999999845,612,
2025-12-10T08:56:52.864Z,1.978,0,200,320x180,2.0007530000000315,612,
2025-12-10T08:56:53.363Z,1.949,0,200,320x180,1.994595000000004,639,
2025-12-10T08:56:53.916Z,1.985,0,200,320x180,1.9413660000000164,624,
2025-12-10T08:56:54.400Z,1.939,0,200,320x180,1.9584469999999783,649,
2025-12-10T08:56:54.854Z,1.989,0,200,320x180,1.9163959999999634,655,
2025-12-10T08:56:55.386Z,1.969,0,200,320x180,1.97328600000003,663,
2025-12-10T08:56:55.861Z,1.988,0,200,320x180,2.0121259999999666,695,
2025-12-10T08:56:56.374Z,1.965,0,200,320x180,1.9842559999999594,687,
2025-12-10T08:56:56.858Z,1.984,0,200,320x180,2.0042649999999185,721,
2025-12-10T08:56:57.247Z,1.967,0,200,320x180,1.908818999999994,705,
2025-12-10T08:56:58.324Z,1.111,0,200,320x180,1.932555000000093,715,
2025-12-10T08:56:59.378Z,0.059,0,200,320x180,1.9858140000000049,554,rebuffer happen
2025-12-10T08:56:59.409Z,0.029,0,200,320x180,1.9551600000000917,554,rebuffer happen